Datetime,Household A [kW],Household B [kW],Household C [kW]
2019-11-07 00:00:00,0,0,0
2019-11-07 00:01:00,0.016,0.733,0.947
2019-11-07 00:02:00,0.286,0.088,0.89
2019-11-07 00:03:00,0.513,0.003,0.716
2019-11-07 00:04:00,0.989,0.478,0.734
2019-11-07 00:05:00,0.113,0.463,0.248
2019-11-07 00:06:00,0.18,0.614,0.583
2019-11-07 00:07:00,0.369,0.047,0.632
2019-11-07 00:08:00,0.404,0.115,0.996
2019-11-07 00:09:00,0.062,0.94,0.933
2019-11-07 00:10:00,0.53,0.519,0.732
2019-11-07 00:11:00,0.125,0.102,0.389
2019-11-07 00:12:00,0.21,0.087,0.151
2019-11-07 00:13:00,0.113,0.503,0.924
2019-11-07 00:14:00,0.594,0.08,0.76
2019-11-07 00:15:00,0.042,0.142,0.923
2019-11-07 00:16:00,0.408,0.993,0.124
2019-11-07 00:17:00,0.561,0.122,0.592
2019-11-07 00:18:00,0.553,0.392,0.304
2019-11-07 00:19:00,0.625,0.82,0.172
2019-11-07 00:20:00,0.426,0.618,0.633
2019-11-07 00:21:00,0.252,0.416,0.314
2019-11-07 00:22:00,0.171,0.307,0.389
2019-11-07 00:23:00,0.034,0.846,0.19
2019-11-07 00:24:00,0.782,0.833,0.283
2019-11-07 00:25:00,0.36,0.304,0.3
2019-11-07 00:26:00,0.473,0.967,0.944
2019-11-07 00:27:00,0.839,0.727,0.186
2019-11-07 00:28:00,0.805,0.162,0.569
2019-11-07 00:29:00,0.052,0.628,0.72
2019-11-07 00:30:00,0.182,0.733,0.883
2019-11-07 00:31:00,0.198,0.66,0.269
2019-11-07 00:32:00,0.664,0.458,0.21
2019-11-07 00:33:00,0.001,0.073,0.415
2019-11-07 00:34:00,0.004,0.493,0.351
2019-11-07 00:35:00,0.729,0.911,0.661
2019-11-07 00:36:00,0.591,0.791,0.957
2019-11-07 00:37:00,0.643,0.668,0.057
2019-11-07 00:38:00,0.408,0.183,0.611
2019-11-07 00:39:00,0.527,0.554,0.728
2019-11-07 00:40:00,0.573,0.381,0.468
2019-11-07 00:41:00,0.126,0.909,0.97
2019-11-07 00:42:00,0.326,0.734,0.778
2019-11-07 00:43:00,0.536,0.335,0.025
2019-11-07 00:44:00,0.7,0.025,0.224
2019-11-07 00:45:00,0.342,0.042,0.095
2019-11-07 00:46:00,0.65,0.374,0.322
2019-11-07 00:47:00,0.508,0.229,0.878
2019-11-07 00:48:00,0.226,0.007,0.98
2019-11-07 00:49:00,0.193,0.174,0.047
2019-11-07 00:50:00,0.342,0.358,0.338
2019-11-07 00:51:00,0.186,0.987,0.611
2019-11-07 00:52:00,0.431,0.456,0.427
2019-11-07 00:53:00,0.395,0.932,0.189
2019-11-07 00:54:00,0.935,0.743,0.167
2019-11-07 00:55:00,0.725,0.632,0.909
2019-11-07 00:56:00,0.099,0.665,0.054
2019-11-07 00:57:00,0.773,0.916,0.35
2019-11-07 00:58:00,0.722,0.901,0.641
2019-11-07 00:59:00,0.018,0.567,0.825
2019-11-07 01:00:00,0.937,0.976,0.127
2019-11-07 01:01:00,0.244,0.562,0.605
2019-11-07 01:02:00,0.043,0.322,0.066
2019-11-07 01:03:00,0.905,0.508,0.977
2019-11-07 01:04:00,0.999,0.873,0.189
2019-11-07 01:05:00,0.925,0.996,0.439
2019-11-07 01:06:00,0.162,0.573,0.726
2019-11-07 01:07:00,0.291,0.137,0.473
2019-11-07 01:08:00,0.204,0.618,0.543
2019-11-07 01:09:00,0.088,0.271,0.072
2019-11-07 01:10:00,0.519,0.143,0.221
2019-11-07 01:11:00,0.211,0.75,0.631
2019-11-07 01:12:00,0.941,0.241,0.963
2019-11-07 01:13:00,0.724,0.887,0.918
2019-11-07 01:14:00,0.445,0.261,0.18
2019-11-07 01:15:00,0.078,0.607,0.408
2019-11-07 01:16:00,0.619,0.604,0.22
2019-11-07 01:17:00,0.289,0.155,0.337
2019-11-07 01:18:00,0.831,0.388,0.769
2019-11-07 01:19:00,0.157,0.652,0.649
2019-11-07 01:20:00,0.898,0.195,0.707
2019-11-07 01:21:00,0.945,0.083,0.772
2019-11-07 01:22:00,0.241,0.42,0.114
2019-11-07 01:23:00,0.804,0.444,0.339
2019-11-07 01:24:00,0.091,0.232,0.444
2019-11-07 01:25:00,0.114,0.878,0.627
2019-11-07 01:26:00,0.318,0.941,0.149
2019-11-07 01:27:00,0.973,0.879,0.131
2019-11-07 01:28:00,0.376,0.036,0.855
2019-11-07 01:29:00,0.492,0.382,0.109
2019-11-07 01:30:00,0.818,0.145,0.277
2019-11-07 01:31:00,0.804,0.382,0.172
2019-11-07 01:32:00,0.348,0.36,0.419
2019-11-07 01:33:00,0.545,0.603,0.376
2019-11-07 01:34:00,0.644,0.166,0.563
2019-11-07 01:35:00,0.393,0.329,0.472
2019-11-07 01:36:00,0.924,0.082,0.654
2019-11-07 01:37:00,0.358,0.353,0.276
2019-11-07 01:38:00,0.354,0.483,0.208
2019-11-07 01:39:00,0.951,0.313,0.808
2019-11-07 01:40:00,0.611,0.063,0.08
2019-11-07 01:41:00,0.999,0.407,0.089
2019-11-07 01:42:00,0.945,0.534,0.65
2019-11-07 01:43:00,0.766,0.062,0.495
2019-11-07 01:44:00,0.343,0.877,0.486
2019-11-07 01:45:00,0.303,0.961,0.559
2019-11-07 01:46:00,0.053,0.306,0.067
2019-11-07 01:47:00,0.127,0.8,0.802
2019-11-07 01:48:00,0.163,0.193,0.074
2019-11-07 01:49:00,0.947,0.287,0.943
2019-11-07 01:50:00,0.843,0.16,0.654
2019-11-07 01:51:00,0.915,0.624,0.612
2019-11-07 01:52:00,0.968,0.903,0.951
2019-11-07 01:53:00,0.804,0.64,0.768
2019-11-07 01:54:00,0.838,0.545,0.067
2019-11-07 01:55:00,0.595,0.089,0.074
2019-11-07 01:56:00,0.958,0.398,0.545
2019-11-07 01:57:00,0.245,0.475,0.76
2019-11-07 01:58:00,0.556,0.722,0.307
2019-11-07 01:59:00,0.804,0.004,0.373
2019-11-07 02:00:00,0.094,0.962,0.246
2019-11-07 02:01:00,0.994,0.634,0.446
2019-11-07 02:02:00,0.413,0.824,0.279
2019-11-07 02:03:00,0.234,0.321,0.377
2019-11-07 02:04:00,0.081,0.97,0.878
2019-11-07 02:05:00,0.132,0.749,0.778
2019-11-07 02:06:00,0.429,0.653,0.146
2019-11-07 02:07:00,0.618,0.462,0.953
2019-11-07 02:08:00,0.031,0.932,0.372
2019-11-07 02:09:00,0.399,0.516,0.483
2019-11-07 02:10:00,0.954,0.011,0.532
2019-11-07 02:11:00,0.103,0.175,0.805
2019-11-07 02:12:00,0.263,0.432,0.948
2019-11-07 02:13:00,0.255,0.321,0.387
2019-11-07 02:14:00,0.353,0.679,0.114
2019-11-07 02:15:00,0.699,0.581,0.085
2019-11-07 02:16:00,0.227,0.447,0.582
2019-11-07 02:17:00,0.67,0.699,0.773
2019-11-07 02:18:00,0.938,0.303,0.075
2019-11-07 02:19:00,0.458,0.177,0.229
2019-11-07 02:20:00,0.324,0.495,0.959
2019-11-07 02:21:00,0.294,0.077,0.128
2019-11-07 02:22:00,0.689,0.031,0.02
2019-11-07 02:23:00,0.613,0.436,0.628
2019-11-07 02:24:00,0.838,0.65,0.252
2019-11-07 02:25:00,0.537,0.826,0.958
2019-11-07 02:26:00,0.389,0.965,0.739
2019-11-07 02:27:00,0.224,0.539,0.725
2019-11-07 02:28:00,0.442,0.637,0.705
2019-11-07 02:29:00,0.947,0.954,0.988
2019-11-07 02:30:00,0.699,0.76,0.891
2019-11-07 02:31:00,0.037,0.429,0.26
2019-11-07 02:32:00,0.361,0.167,0.527
2019-11-07 02:33:00,0.512,0.243,0.332
2019-11-07 02:34:00,0.549,0.321,0.26
2019-11-07 02:35:00,0.047,0.9,0.567
2019-11-07 02:36:00,0.159,0.231,0.651
2019-11-07 02:37:00,0.185,0.164,0.574
2019-11-07 02:38:00,0.371,0.559,0.077
2019-11-07 02:39:00,0.87,0.855,0.163
2019-11-07 02:40:00,0.688,0.396,0.117
2019-11-07 02:41:00,0.067,0.291,0.139
2019-11-07 02:42:00,0.36,0.628,0.091
2019-11-07 02:43:00,0.226,0.786,0.107
2019-11-07 02:44:00,0.103,0.309,0.643
2019-11-07 02:45:00,0.309,0.07,0.654
2019-11-07 02:46:00,0.656,0.409,0.31
2019-11-07 02:47:00,0.289,0.439,0.443
2019-11-07 02:48:00,0.21,0.954,0.829
2019-11-07 02:49:00,0.304,0.654,0.281
2019-11-07 02:50:00,0.496,0.419,0.894
2019-11-07 02:51:00,0.64,0.492,0.334
2019-11-07 02:52:00,0.173,0.216,0.091
2019-11-07 02:53:00,0.051,0.382,0.09
2019-11-07 02:54:00,0.596,0.064,0.719
2019-11-07 02:55:00,0.638,0.336,0.811
2019-11-07 02:56:00,0.667,0.453,0.728
2019-11-07 02:57:00,0.187,0.244,0.61
2019-11-07 02:58:00,0.12,0.011,0.505
2019-11-07 02:59:00,0.435,0.641,0.169
2019-11-07 03:00:00,0.447,0.497,0.479
2019-11-07 03:01:00,0.102,0.026,0.072
2019-11-07 03:02:00,0.554,0.799,0.239
2019-11-07 03:03:00,0.981,0.892,0.043
2019-11-07 03:04:00,0.186,0.623,0.547
2019-11-07 03:05:00,0.555,0.918,0.329
2019-11-07 03:06:00,0.62,0.251,0.564
2019-11-07 03:07:00,0.402,0.765,0.875
2019-11-07 03:08:00,0.78,0.931,0.877
2019-11-07 03:09:00,0.295,0.464,0.882
2019-11-07 03:10:00,0.314,0.106,0.575
2019-11-07 03:11:00,0.005,0.89,0.314
2019-11-07 03:12:00,0.379,0.575,0.339
2019-11-07 03:13:00,0.996,0.576,0.976
2019-11-07 03:14:00,0.87,0.436,0.82
2019-11-07 03:15:00,0.047,0.84,0.259
2019-11-07 03:16:00,0.659,0.604,0.83
2019-11-07 03:17:00,0.593,0.814,0.589
2019-11-07 03:18:00,0.991,0.116,0.241
2019-11-07 03:19:00,0.843,0.239,0.92
2019-11-07 03:20:00,0.34,0.993,0.952
2019-11-07 03:21:00,0.377,0.88,0.573
2019-11-07 03:22:00,0.631,0.488,0.169
2019-11-07 03:23:00,0.479,0.165,0.16
2019-11-07 03:24:00,0.073,0.935,0.142
2019-11-07 03:25:00,0.175,0.119,0.342
2019-11-07 03:26:00,0.902,0.313,0.037
2019-11-07 03:27:00,0.595,0.528,0.015
2019-11-07 03:28:00,0.545,0.417,0.561
2019-11-07 03:29:00,0.148,0.633,0.785
2019-11-07 03:30:00,0.649,0.491,0.164
2019-11-07 03:31:00,0.228,0.616,0.116
2019-11-07 03:32:00,0.62,0.056,0.828
2019-11-07 03:33:00,0.367,0.037,0.892
2019-11-07 03:34:00,0.427,0.474,0.951
2019-11-07 03:35:00,0.558,0.16,0.056
2019-11-07 03:36:00,0.06,0.752,0.216
2019-11-07 03:37:00,0.774,0.68,0.152
2019-11-07 03:38:00,0.794,0.657,0.997
2019-11-07 03:39:00,0.96,0.136,0.266
2019-11-07 03:40:00,0.434,0.463,0.527
2019-11-07 03:41:00,0.981,0.144,0.564
2019-11-07 03:42:00,0.593,0.749,0.895
2019-11-07 03:43:00,0.204,0.254,0.467
2019-11-07 03:44:00,0.06,0.365,0.434
2019-11-07 03:45:00,0.944,0.598,0.606
2019-11-07 03:46:00,0.281,0.061,0.893
2019-11-07 03:47:00,0.506,0.535,0.861
2019-11-07 03:48:00,0.114,0.688,0.826
2019-11-07 03:49:00,0.363,0.02,0.16
2019-11-07 03:50:00,0.693,0.097,0.599
2019-11-07 03:51:00,0.576,0.649,0.881
2019-11-07 03:52:00,0.081,0.765,0.115
2019-11-07 03:53:00,0.676,0.086,0.548
2019-11-07 03:54:00,0.642,0.601,0.303
2019-11-07 03:55:00,0.423,0.021,0.42
2019-11-07 03:56:00,0.682,0.233,0.609
2019-11-07 03:57:00,0.842,0.129,0
2019-11-07 03:58:00,0.867,0.194,0.608
2019-11-07 03:59:00,0.59,0.34,0.963
2019-11-07 04:00:00,0.901,0.62,0.142
2019-11-07 04:01:00,0.489,0.969,0.317
2019-11-07 04:02:00,0.962,0.743,0.637
2019-11-07 04:03:00,0.511,0.605,0.048
2019-11-07 04:04:00,0.372,0.8,0.618
2019-11-07 04:05:00,0.393,0.052,0.492
2019-11-07 04:06:00,0.737,0.763,0.728
2019-11-07 04:07:00,0.452,0.768,0.428
2019-11-07 04:08:00,0.312,0.427,0.365
2019-11-07 04:09:00,0.864,0.223,0.703
2019-11-07 04:10:00,0.575,0.354,0.466
2019-11-07 04:11:00,0.416,0.003,0.083
2019-11-07 04:12:00,0.958,0.339,0.678
2019-11-07 04:13:00,0.262,0.558,0.369
2019-11-07 04:14:00,0.046,0.206,0.914
2019-11-07 04:15:00,0.768,0.805,0.584
2019-11-07 04:16:00,0.74,0.174,0.383
2019-11-07 04:17:00,0.376,0.13,0.571
2019-11-07 04:18:00,0.558,0.697,0.479
2019-11-07 04:19:00,0.501,0.084,0.327
2019-11-07 04:20:00,0.332,0.866,0.052
2019-11-07 04:21:00,0.005,0.597,0.241
2019-11-07 04:22:00,0.126,0.981,0.779
2019-11-07 04:23:00,0.636,0.071,0.956
2019-11-07 04:24:00,0.615,0.669,0.328
2019-11-07 04:25:00,0.769,0.168,0.401
2019-11-07 04:26:00,0.774,0.715,0.307
2019-11-07 04:27:00,0.082,0.89,0.517
2019-11-07 04:28:00,0.094,0.812,0.2
2019-11-07 04:29:00,0.936,0.555,0.376
2019-11-07 04:30:00,0.17,0.128,0.968
2019-11-07 04:31:00,0.957,0.142,0.265
2019-11-07 04:32:00,0.103,0.837,0.452
2019-11-07 04:33:00,0.102,0.093,0.201
2019-11-07 04:34:00,0.684,0.526,0.987
2019-11-07 04:35:00,0.969,0.116,0.315
2019-11-07 04:36:00,0.67,0.136,0.783
2019-11-07 04:37:00,0.552,0.72,0.797
2019-11-07 04:38:00,0.845,0.622,0.307
2019-11-07 04:39:00,0.124,0.92,0.04
2019-11-07 04:40:00,0.701,0.565,0.473
2019-11-07 04:41:00,0.16,0.411,0.543
2019-11-07 04:42:00,0.121,0.415,0.161
2019-11-07 04:43:00,0.547,0.404,0.947
2019-11-07 04:44:00,0.574,0.796,0.357
2019-11-07 04:45:00,0.417,0.692,0.544
2019-11-07 04:46:00,0.957,0.32,0.232
2019-11-07 04:47:00,0.58,0.337,0.52
2019-11-07 04:48:00,0.421,0.914,0.908
2019-11-07 04:49:00,0.725,0.124,0.451
2019-11-07 04:50:00,0.573,0.58,0.227
2019-11-07 04:51:00,0.867,0.146,0.115
2019-11-07 04:52:00,0.871,0.536,0.23
2019-11-07 04:53:00,0.457,0.482,0.877
2019-11-07 04:54:00,0.269,0.728,0.153
2019-11-07 04:55:00,0.628,0.001,0.919
2019-11-07 04:56:00,0.293,0.368,0.763
2019-11-07 04:57:00,0.596,0.539,0.207
2019-11-07 04:58:00,0.106,0.018,0.648
2019-11-07 04:59:00,0.765,0.114,0.731
2019-11-07 05:00:00,0.428,0.516,0.051
2019-11-07 05:01:00,0.261,0.372,0.911
2019-11-07 05:02:00,0.35,0.336,0.963
2019-11-07 05:03:00,0.654,0.406,0.086
2019-11-07 05:04:00,0.619,0.518,0.628
2019-11-07 05:05:00,0.901,0.372,0.707
2019-11-07 05:06:00,0.396,0.327,0.3
2019-11-07 05:07:00,0.135,0.742,0.297
2019-11-07 05:08:00,0.417,0.269,0.011
2019-11-07 05:09:00,0.744,0.665,0.729
2019-11-07 05:10:00,0.501,0.697,0.37
2019-11-07 05:11:00,0.083,0.441,0.908
2019-11-07 05:12:00,0.504,0.276,0.407
2019-11-07 05:13:00,0.14,0.419,0.831
2019-11-07 05:14:00,0.052,0.765,0.944
2019-11-07 05:15:00,0.77,0.041,0.655
2019-11-07 05:16:00,0.88,0.77,0.54
2019-11-07 05:17:00,0.437,0.37,0.216
2019-11-07 05:18:00,0.944,0.765,0.704
2019-11-07 05:19:00,0.377,0.345,0.323
2019-11-07 05:20:00,0.221,0.899,0.081
2019-11-07 05:21:00,0.884,0.333,0.351
2019-11-07 05:22:00,0.42,0.218,0.339
2019-11-07 05:23:00,0.364,0.267,0.161
2019-11-07 05:24:00,0.364,0.883,0.146
2019-11-07 05:25:00,0.207,0.747,0.604
2019-11-07 05:26:00,0.214,0.42,0.102
2019-11-07 05:27:00,0.64,0.527,0.141
2019-11-07 05:28:00,0.811,0.581,0.676
2019-11-07 05:29:00,0.414,0.904,0.676
2019-11-07 05:30:00,0.47,0.471,0.014
2019-11-07 05:31:00,0.139,0.121,0.648
2019-11-07 05:32:00,0.889,0.558,0.088
2019-11-07 05:33:00,0.688,0.01,0.271
2019-11-07 05:34:00,0.728,0.721,0.467
2019-11-07 05:35:00,0.168,0.05,0.968
2019-11-07 05:36:00,0.479,0.099,0.905
2019-11-07 05:37:00,0.657,0.607,0.666
2019-11-07 05:38:00,0.692,0.016,0.819
2019-11-07 05:39:00,0.32,0.342,0.381
2019-11-07 05:40:00,0.116,0.489,0.049
2019-11-07 05:41:00,0.758,0.369,0.49
2019-11-07 05:42:00,0.72,0.109,0.305
2019-11-07 05:43:00,0.754,0.692,0.649
2019-11-07 05:44:00,0.636,0.29,0.031
2019-11-07 05:45:00,0.923,0.775,0.202
2019-11-07 05:46:00,0.326,0.191,0.642
2019-11-07 05:47:00,0.678,0.638,0.111
2019-11-07 05:48:00,0.695,0.223,0.199
2019-11-07 05:49:00,0.309,0.396,0.716
2019-11-07 05:50:00,0.991,0.011,0.822
2019-11-07 05:51:00,0.277,0.278,0.163
2019-11-07 05:52:00,0.73,0.387,0.406
2019-11-07 05:53:00,0.309,0.094,0.217
2019-11-07 05:54:00,0.943,0.894,0.05
2019-11-07 05:55:00,0.916,0.972,0.879
2019-11-07 05:56:00,0.603,0.517,0.709
2019-11-07 05:57:00,0.518,0.878,0.948
2019-11-07 05:58:00,0.219,0.452,0.292
2019-11-07 05:59:00,0.013,0.213,0.157
2019-11-07 06:00:00,0.208,0.397,0.533
2019-11-07 06:01:00,0.396,0.826,0.166
2019-11-07 06:02:00,1.808,0.334,0.604
2019-11-07 06:03:00,1.04,0.691,0.433
2019-11-07 06:04:00,0.23,0.31,0.627
2019-11-07 06:05:00,0.758,0.215,0.648
2019-11-07 06:06:00,2.372,0.185,0.632
2019-11-07 06:07:00,1.073,0.807,0.612
2019-11-07 06:08:00,0.078,0.473,0.699
2019-11-07 06:09:00,1.565,0.556,0.799
2019-11-07 06:10:00,2.991,0.173,0.196
2019-11-07 06:11:00,1.704,0.739,0.346
2019-11-07 06:12:00,1.114,0.625,0.579
2019-11-07 06:13:00,2.293,0.783,0.7
2019-11-07 06:14:00,2.105,0.334,0.584
2019-11-07 06:15:00,0.558,0.173,0.858
2019-11-07 06:16:00,2.865,0.287,0.488
2019-11-07 06:17:00,1.037,0.086,0.374
2019-11-07 06:18:00,1.576,0.706,0.529
2019-11-07 06:19:00,0.902,0.67,0.82
2019-11-07 06:20:00,0.444,0.456,0.73
2019-11-07 06:21:00,1.001,0.103,0.068
2019-11-07 06:22:00,1.325,0.791,0.43
2019-11-07 06:23:00,2.414,0.622,0.547
2019-11-07 06:24:00,0.552,0.07,-1.688
2019-11-07 06:25:00,0.987,0.233,-2.085
2019-11-07 06:26:00,1.61,-1.232,-1.282
2019-11-07 06:27:00,0.204,-2.401,0.356
2019-11-07 06:28:00,0.865,-2.158,-1.712
2019-11-07 06:29:00,2.654,-0.769,-1.722
2019-11-07 06:30:00,0.225,-1.534,-1.378
2019-11-07 06:31:00,0.469,-1.863,-1.295
2019-11-07 06:32:00,2.305,-1.651,-1.9
2019-11-07 06:33:00,2.182,0.09,-1.587
2019-11-07 06:34:00,2.117,-1.939,-2.761
2019-11-07 06:35:00,1.535,0.183,-1.814
2019-11-07 06:36:00,2.21,-1.531,-1.868
2019-11-07 06:37:00,1.771,-1.692,-0.232
2019-11-07 06:38:00,1.15,-2.565,-0.319
2019-11-07 06:39:00,2.775,0.168,0.52
2019-11-07 06:40:00,1.308,-2.426,0.676
2019-11-07 06:41:00,-2.412,-1.389,-1.836
2019-11-07 06:42:00,-1.81,-1.972,-1.621
2019-11-07 06:43:00,-0.866,-2.07,-1.379
2019-11-07 06:44:00,-1.367,-2.381,-1.538
2019-11-07 06:45:00,1.586,-0.772,-1.518
2019-11-07 06:46:00,-1.97,-1.962,-0.516
2019-11-07 06:47:00,-0.954,-1.765,-1.804
2019-11-07 06:48:00,-0.818,-1.496,-0.849
2019-11-07 06:49:00,-2.264,-0.611,-1.788
2019-11-07 06:50:00,-0.93,-0.887,-1.395
2019-11-07 06:51:00,-2.384,-0.27,-0.017
2019-11-07 06:52:00,1.943,-1.004,-1.94
2019-11-07 06:53:00,-0.285,-0.915,-1.514
2019-11-07 06:54:00,-0.31,-1.915,-2.364
2019-11-07 06:55:00,1.157,-1.509,-0.836
2019-11-07 06:56:00,0.24,-1.54,-1.826
2019-11-07 06:57:00,-1.582,-2.752,-1.142
2019-11-07 06:58:00,2.124,-2.203,-0.395
2019-11-07 06:59:00,-1.374,-1.954,-2.075
2019-11-07 07:00:00,0.308,0.388,0.243
2019-11-07 07:01:00,-1.262,-1.832,-0.718
2019-11-07 07:02:00,-0.883,-1.16,-0.866
2019-11-07 07:03:00,-0.521,-1.866,-1.141
2019-11-07 07:04:00,-0.884,-0.556,-2.399
2019-11-07 07:05:00,2.04,-1.805,-1.777
2019-11-07 07:06:00,-0.753,-0.189,-0.037
2019-11-07 07:07:00,-2.483,-1.109,-1.259
2019-11-07 07:08:00,-2.524,-0.973,-1.76
2019-11-07 07:09:00,-0.453,-2.931,-0.051
2019-11-07 07:10:00,-1.807,-0.287,-1.63
2019-11-07 07:11:00,1.531,-2.6,-1.537
2019-11-07 07:12:00,-0.332,-0.943,0.205
2019-11-07 07:13:00,0.774,-2.565,-0.357
2019-11-07 07:14:00,-0.302,-0.79,-2.019
2019-11-07 07:15:00,1.023,-1.901,-0.177
2019-11-07 07:16:00,-1.861,-1.123,1.224
2019-11-07 07:17:00,0.451,-0.332,-1.96
2019-11-07 07:18:00,0.614,-0.683,0.219
2019-11-07 07:19:00,0.045,-1.199,2.355
2019-11-07 07:20:00,-0.833,-0.529,0.417
2019-11-07 07:21:00,-1.634,-0.493,0.598
2019-11-07 07:22:00,-2.263,-1.097,-0.064
2019-11-07 07:23:00,-1.557,-1.57,0.33
2019-11-07 07:24:00,-0.304,-0.561,-0.893
2019-11-07 07:25:00,0.741,-0.242,0.115
2019-11-07 07:26:00,-2.683,-0.039,0.308
2019-11-07 07:27:00,-1.551,-0.52,1.722
2019-11-07 07:28:00,-0.999,-1.834,0.473
2019-11-07 07:29:00,-1.971,-0.308,-1.658
2019-11-07 07:30:00,-0.232,-0.105,1.134
2019-11-07 07:31:00,-1.255,-1.338,0.251
2019-11-07 07:32:00,-0.095,-0.506,1.578
2019-11-07 07:33:00,0.94,0.709,-0.372
2019-11-07 07:34:00,-1.72,-0.861,0.033
2019-11-07 07:35:00,0.115,-2.103,-2.256
2019-11-07 07:36:00,-0.184,0.01,-1.672
2019-11-07 07:37:00,0.056,1.046,1.677
2019-11-07 07:38:00,1.646,-0.533,-1.716
2019-11-07 07:39:00,1.114,1.849,-1.195
2019-11-07 07:40:00,0.237,1.433,0.346
2019-11-07 07:41:00,-1.514,-1.655,0.137
2019-11-07 07:42:00,1.13,0.469,-0.531
2019-11-07 07:43:00,-2.263,-2.814,-1.098
2019-11-07 07:44:00,-0.421,-2.185,-1.607
2019-11-07 07:45:00,0.3,-0.321,-1.937
2019-11-07 07:46:00,-0.014,0.725,1.554
2019-11-07 07:47:00,-0.789,0.581,-1.152
2019-11-07 07:48:00,0.283,-2.817,-1.515
2019-11-07 07:49:00,-0.688,-1.87,-0.703
2019-11-07 07:50:00,0.328,0.692,-1.585
2019-11-07 07:51:00,-2.453,-2.055,1.688
2019-11-07 07:52:00,-1.226,-0.011,-0.217
2019-11-07 07:53:00,-0.797,-0.158,-0.249
2019-11-07 07:54:00,-1.942,1.871,0.026
2019-11-07 07:55:00,-0.663,1.181,0.576
2019-11-07 07:56:00,-0.246,-0.353,-1.514
2019-11-07 07:57:00,-1.044,-2.234,0.291
2019-11-07 07:58:00,-0.268,1.287,-0.389
2019-11-07 07:59:00,0.014,1.713,-2.342
2019-11-07 08:00:00,1.208,0.734,0.37
2019-11-07 08:01:00,2.295,0.502,-1.209
2019-11-07 08:02:00,1.102,-0.829,-1.383
2019-11-07 08:03:00,-1.708,-1.348,0.886
2019-11-07 08:04:00,1.244,-0.76,-0.32
2019-11-07 08:05:00,-0.058,-0.859,-0.055
2019-11-07 08:06:00,-0.204,1.029,-0.478
2019-11-07 08:07:00,-1.148,1.483,0.228
2019-11-07 08:08:00,-0.683,2.16,-0.97
2019-11-07 08:09:00,-0.434,-0.505,2.167
2019-11-07 08:10:00,0.152,0.796,0.998
2019-11-07 08:11:00,-1.362,0.709,1.218
2019-11-07 08:12:00,-0.144,-0.404,0.226
2019-11-07 08:13:00,1.436,-1.496,-2.368
2019-11-07 08:14:00,-2.775,-2.832,0.086
2019-11-07 08:15:00,-0.686,-1.488,0.664
2019-11-07 08:16:00,0.086,-0.82,0.032
2019-11-07 08:17:00,0.538,-0.775,1.853
2019-11-07 08:18:00,0.811,-0.522,-0.767
2019-11-07 08:19:00,-1.69,0.4,-1.543
2019-11-07 08:20:00,-1.718,1.762,1.007
2019-11-07 08:21:00,0.421,-0.053,-1.419
2019-11-07 08:22:00,1.144,-0.084,0.165
2019-11-07 08:23:00,-1.551,0.602,-0.558
2019-11-07 08:24:00,-1.762,1.169,-1.463
2019-11-07 08:25:00,-0.816,-1.511,0.276
2019-11-07 08:26:00,-0.398,-1.855,-0.27
2019-11-07 08:27:00,0.48,-0.439,-0.819
2019-11-07 08:28:00,-0.659,0.214,-0.063
2019-11-07 08:29:00,-0.88,-0.107,-1.7
2019-11-07 08:30:00,-0.229,-0.21,-2.737
2019-11-07 08:31:00,-0.757,-1.751,-0.451
2019-11-07 08:32:00,-2.85,1.17,-1.698
2019-11-07 08:33:00,1.027,0.242,0.498
2019-11-07 08:34:00,-0.241,-0.07,-0.402
2019-11-07 08:35:00,0.397,-1.52,-1.223
2019-11-07 08:36:00,0.258,2.047,1.743
2019-11-07 08:37:00,0.549,-0.88,-0.549
2019-11-07 08:38:00,1.584,-1.986,-1.483
2019-11-07 08:39:00,-0.788,0.314,-0.28
2019-11-07 08:40:00,0.289,-0.966,-0.611
2019-11-07 08:41:00,0.153,-1.096,-0.488
2019-11-07 08:42:00,-0.033,-1.542,0.511
2019-11-07 08:43:00,1.88,-1.528,-0.093
2019-11-07 08:44:00,-1.865,0.403,0.273
2019-11-07 08:45:00,-0.845,-0.684,-0.345
2019-11-07 08:46:00,-2.339,1.13,1.614
2019-11-07 08:47:00,-0.291,1.835,-0.532
2019-11-07 08:48:00,1.072,1.066,0.387
2019-11-07 08:49:00,-1.126,-1.9,1.07
2019-11-07 08:50:00,-2.287,0.296,0.616
2019-11-07 08:51:00,-1.976,-1.114,-2.116
2019-11-07 08:52:00,-1.217,0.761,-0.932
2019-11-07 08:53:00,0.126,1.518,1.603
2019-11-07 08:54:00,0.736,1.457,-0.659
2019-11-07 08:55:00,-1.071,-1.167,-1.776
2019-11-07 08:56:00,1.186,-0.377,-2.299
2019-11-07 08:57:00,0.866,-0.56,0.906
2019-11-07 08:58:00,-0.245,-1.858,-0.114
2019-11-07 08:59:00,0.92,-1.713,-0.365
2019-11-07 09:00:00,1.308,-0.765,-2.683
2019-11-07 09:01:00,-1.625,-1.104,-0.356
2019-11-07 09:02:00,-1.534,0.895,-1.35
2019-11-07 09:03:00,-1.145,-0.172,-0.278
2019-11-07 09:04:00,0.969,-1.181,-0.96
2019-11-07 09:05:00,-0.617,-0.023,-0.98
2019-11-07 09:06:00,-0.449,-0.796,0.484
2019-11-07 09:07:00,1.587,-0.439,-0.427
2019-11-07 09:08:00,0.192,-1.994,-0.002
2019-11-07 09:09:00,-0.107,-0.277,-0.32
2019-11-07 09:10:00,0.072,0.95,-0.632
2019-11-07 09:11:00,-0.718,-1.942,-0.816
2019-11-07 09:12:00,-0.855,-0.111,1.197
2019-11-07 09:13:00,-0.494,0.748,-0.848
2019-11-07 09:14:00,-1.79,1.059,0.117
2019-11-07 09:15:00,-0.414,-1.813,1.356
2019-11-07 09:16:00,-0.02,2.349,-1.24
2019-11-07 09:17:00,-0.993,-0.787,1.783
2019-11-07 09:18:00,-0.181,0.405,0.026
2019-11-07 09:19:00,-1.258,0.666,0.205
2019-11-07 09:20:00,-0.132,-0.185,0.398
2019-11-07 09:21:00,-0.16,-1.946,1.637
2019-11-07 09:22:00,-1.755,0.116,0.319
2019-11-07 09:23:00,-0.819,-1.602,1.452
2019-11-07 09:24:00,-0.531,-0.176,0.756
2019-11-07 09:25:00,-0.197,-2.605,-0.567
2019-11-07 09:26:00,1.47,1.454,0.465
2019-11-07 09:27:00,-1.715,1.12,-0.144
2019-11-07 09:28:00,0.832,0.579,0.791
2019-11-07 09:29:00,-1.144,0.466,-0.983
2019-11-07 09:30:00,-1.009,0.735,1.56
2019-11-07 09:31:00,-0.101,0.812,-0.716
2019-11-07 09:32:00,1.054,-1.45,-0.971
2019-11-07 09:33:00,1.97,-0.367,-0.013
2019-11-07 09:34:00,1.06,-0.472,-2.171
2019-11-07 09:35:00,-1.298,-1.595,-0.657
2019-11-07 09:36:00,0.225,1.036,-0.218
2019-11-07 09:37:00,1.322,0.928,-0.776
2019-11-07 09:38:00,-0.349,-0.689,-2.471
2019-11-07 09:39:00,0.458,-0.773,-1.473
2019-11-07 09:40:00,-0.813,0.435,-0.993
2019-11-07 09:41:00,1.366,-0.107,-0.124
2019-11-07 09:42:00,1.628,-1.643,0.759
2019-11-07 09:43:00,-0.023,-0.904,-0.99
2019-11-07 09:44:00,-1.877,1.168,1.451
2019-11-07 09:45:00,-0.092,0.163,-1.13
2019-11-07 09:46:00,0.932,0.625,1.179
2019-11-07 09:47:00,-2.046,1.432,-1.84
2019-11-07 09:48:00,-2.594,-0.506,-1.008
2019-11-07 09:49:00,1.802,-0.22,2.032
2019-11-07 09:50:00,-2.171,-0.872,1.731
2019-11-07 09:51:00,0.046,0.503,0.4
2019-11-07 09:52:00,-0.573,0.289,0.272
2019-11-07 09:53:00,-2.72,0.029,-2.296
2019-11-07 09:54:00,-0.095,1.596,-0.441
2019-11-07 09:55:00,0.778,1.51,0.137
2019-11-07 09:56:00,-0.864,-0.615,-0.992
2019-11-07 09:57:00,-1.514,0.833,0.62
2019-11-07 09:58:00,2.145,1.341,-1.016
2019-11-07 09:59:00,0.729,-1.032,-1.709
2019-11-07 10:00:00,1.798,-2.732,0.05
2019-11-07 10:01:00,-1.055,-1.673,0.577
2019-11-07 10:02:00,1.351,-0.968,0.118
2019-11-07 10:03:00,-1.615,-0.574,-0.592
2019-11-07 10:04:00,-0.978,-2.23,-1.591
2019-11-07 10:05:00,-0.418,0.174,-0.883
2019-11-07 10:06:00,-1.226,-0.892,0.445
2019-11-07 10:07:00,0.334,-1.873,1.048
2019-11-07 10:08:00,-0.43,-1.307,0.327
2019-11-07 10:09:00,0.73,-2.322,0.152
2019-11-07 10:10:00,0.589,-2.117,0.301
2019-11-07 10:11:00,2.246,-0.754,-0.575
2019-11-07 10:12:00,-0.843,-1.21,1.546
2019-11-07 10:13:00,2.007,0.751,1.371
2019-11-07 10:14:00,-0.574,0.44,0.445
2019-11-07 10:15:00,-0.604,1.043,0.031
2019-11-07 10:16:00,-0.465,-0.415,1.199
2019-11-07 10:17:00,-0.589,-1.946,0.277
2019-11-07 10:18:00,-0.351,-0.429,0.578
2019-11-07 10:19:00,-0.514,0.224,-0.943
2019-11-07 10:20:00,-2.085,0.547,-1.562
2019-11-07 10:21:00,-0.957,0.11,-2.751
2019-11-07 10:22:00,-0.041,0.614,-0.138
2019-11-07 10:23:00,-1.457,0.964,-1.21
2019-11-07 10:24:00,-1.238,-0.257,0.805
2019-11-07 10:25:00,-2.397,0.818,-1.392
2019-11-07 10:26:00,-0.52,0.38,-0.926
2019-11-07 10:27:00,1.971,-0.798,1.222
2019-11-07 10:28:00,-2.446,-1.475,1.23
2019-11-07 10:29:00,-0.702,0.941,-2.044
2019-11-07 10:30:00,-0.376,0.766,-1.502
2019-11-07 10:31:00,0.893,-2.946,-2.485
2019-11-07 10:32:00,-0.621,0.071,0.332
2019-11-07 10:33:00,0.905,-1.09,1.824
2019-11-07 10:34:00,0.756,-1.074,-0.188
2019-11-07 10:35:00,-2.466,0.345,0.018
2019-11-07 10:36:00,-0.121,0.061,-1.203
2019-11-07 10:37:00,0.775,-1.378,-0.429
2019-11-07 10:38:00,-0.051,-0.435,0.305
2019-11-07 10:39:00,0.399,-0.755,1.387
2019-11-07 10:40:00,-1.023,0.128,1.367
2019-11-07 10:41:00,1.249,-1.122,1.417
2019-11-07 10:42:00,-0.167,0.948,0.574
2019-11-07 10:43:00,1.608,1.531,-0.921
2019-11-07 10:44:00,-0.404,0.854,-2.299
2019-11-07 10:45:00,-0.067,-0.172,-0.829
2019-11-07 10:46:00,0.838,0.04,-1.723
2019-11-07 10:47:00,0.28,0.296,0.515
2019-11-07 10:48:00,-1.156,-0.207,-1.037
2019-11-07 10:49:00,-0.404,-1.55,-0.289
2019-11-07 10:50:00,1.078,-0.728,-1.221
2019-11-07 10:51:00,-0.394,0.048,-0.09
2019-11-07 10:52:00,-0.753,1.801,1.346
2019-11-07 10:53:00,2.113,-0.772,-1.154
2019-11-07 10:54:00,1.822,1.757,0.36
2019-11-07 10:55:00,-0.681,-1.063,-0.484
2019-11-07 10:56:00,-2.023,-0.292,-1.83
2019-11-07 10:57:00,1.259,-1.486,-1.419
2019-11-07 10:58:00,-0.457,-0.472,-0.731
2019-11-07 10:59:00,1.16,-0.375,0.603
2019-11-07 11:00:00,-2.151,-0.125,-0.963
2019-11-07 11:01:00,-0.77,0.348,-0.695
2019-11-07 11:02:00,0.199,0.041,0.049
2019-11-07 11:03:00,1.061,-1.022,-1.01
2019-11-07 11:04:00,1.784,-0.298,0.293
2019-11-07 11:05:00,-0.371,0.15,-1.461
2019-11-07 11:06:00,-0.594,-0.702,-1.709
2019-11-07 11:07:00,0.16,-0.478,-0.325
2019-11-07 11:08:00,0.973,-2.189,2.33
2019-11-07 11:09:00,0.486,-0.021,-0.833
2019-11-07 11:10:00,-2.009,-0.308,1.441
2019-11-07 11:11:00,-0.354,1.253,-1.027
2019-11-07 11:12:00,0.192,-0.515,-0.148
2019-11-07 11:13:00,1.336,-0.669,0.125
2019-11-07 11:14:00,0.036,-2.189,-1.975
2019-11-07 11:15:00,1.069,-0.963,1.041
2019-11-07 11:16:00,-0.373,-0.028,-1.5
2019-11-07 11:17:00,-0.065,0.218,-1.341
2019-11-07 11:18:00,1.491,0.007,1.568
2019-11-07 11:19:00,-0.15,-0.05,-0.424
2019-11-07 11:20:00,1.858,-0.963,-1.041
2019-11-07 11:21:00,0.34,-0.39,-1.259
2019-11-07 11:22:00,-1.5,-0.635,-0.784
2019-11-07 11:23:00,-0.726,0.308,-0.84
2019-11-07 11:24:00,0.481,1.24,-0.602
2019-11-07 11:25:00,-0.398,-0.766,0.03
2019-11-07 11:26:00,-1.496,-0.658,-0.761
2019-11-07 11:27:00,0.353,-0.312,-1.135
2019-11-07 11:28:00,-0.447,-0.617,-0.449
2019-11-07 11:29:00,-0.474,0.107,0.465
2019-11-07 11:30:00,0.802,1.219,-0.444
2019-11-07 11:31:00,-2.139,-0.701,-2.323
2019-11-07 11:32:00,0.819,0.326,0.732
2019-11-07 11:33:00,0.59,-1.081,0.589
2019-11-07 11:34:00,-0.324,2.155,1.099
2019-11-07 11:35:00,1.686,2.176,-0.68
2019-11-07 11:36:00,1.721,-0.26,-0.191
2019-11-07 11:37:00,-0.35,1.185,-0.604
2019-11-07 11:38:00,-1.693,-0.459,-0.486
2019-11-07 11:39:00,0.42,-0.356,0.681
2019-11-07 11:40:00,-0.504,-2.043,0.847
2019-11-07 11:41:00,2.016,1.142,-0.671
2019-11-07 11:42:00,-1.812,0.063,-2.032
2019-11-07 11:43:00,-1.669,0.807,-2.294
2019-11-07 11:44:00,1.078,-1.83,0.983
2019-11-07 11:45:00,-1.79,1.448,-1.174
2019-11-07 11:46:00,-0.51,-1.025,0.83
2019-11-07 11:47:00,-2.204,-1.143,-1.012
2019-11-07 11:48:00,0.688,0.626,-1.164
2019-11-07 11:49:00,-2.184,-0.953,-0.374
2019-11-07 11:50:00,-1.96,-0.622,-0.589
2019-11-07 11:51:00,-1.401,1.401,-0.228
2019-11-07 11:52:00,-0.884,-1.581,-0.33
2019-11-07 11:53:00,1.45,-0.77,-1.179
2019-11-07 11:54:00,0.169,0.451,0.554
2019-11-07 11:55:00,-0.988,0.253,0.001
2019-11-07 11:56:00,2.013,0.677,0.278
2019-11-07 11:57:00,-0.079,-0.407,0.352
2019-11-07 11:58:00,-0.148,-1.084,0.063
2019-11-07 11:59:00,1.649,-1.319,-0.88
2019-11-07 12:00:00,-1.251,-1.972,0.411
2019-11-07 12:01:00,0.302,0.766,-1.791
2019-11-07 12:02:00,-0.077,-0.232,1.919
2019-11-07 12:03:00,-0.255,0.744,-0.337
2019-11-07 12:04:00,-1.814,1.275,-1.386
2019-11-07 12:05:00,-1.345,-0.487,0.204
2019-11-07 12:06:00,-2.719,0.343,2.069
2019-11-07 12:07:00,0.136,-1.732,-1.209
2019-11-07 12:08:00,-1.378,0.178,1.195
2019-11-07 12:09:00,-0.087,0.815,-0.007
2019-11-07 12:10:00,-2.346,0.429,-0.724
2019-11-07 12:11:00,0.78,1.327,0.223
2019-11-07 12:12:00,-0.751,-1.097,0.45
2019-11-07 12:13:00,0.147,0.423,-0.794
2019-11-07 12:14:00,0.335,-1.746,0.813
2019-11-07 12:15:00,-0.627,-1.379,1.091
2019-11-07 12:16:00,-1.025,1.933,-0.238
2019-11-07 12:17:00,0.776,-2.331,1.097
2019-11-07 12:18:00,0.675,0.929,-0.936
2019-11-07 12:19:00,-2.148,0.541,1.739
2019-11-07 12:20:00,0.232,1.795,-0.631
2019-11-07 12:21:00,0.965,-1.121,-1.223
2019-11-07 12:22:00,-0.742,-1.762,-0.389
2019-11-07 12:23:00,-1.796,-1.386,-1.26
2019-11-07 12:24:00,-0.638,-1.624,-1.103
2019-11-07 12:25:00,-1.135,0.052,0.398
2019-11-07 12:26:00,-0.212,0.544,-0.346
2019-11-07 12:27:00,0.921,0.224,0.427
2019-11-07 12:28:00,-0.177,-0.14,-1.839
2019-11-07 12:29:00,0.093,-0.502,-0.572
2019-11-07 12:30:00,-0.085,0.133,-0.749
2019-11-07 12:31:00,0.772,-0.9,0.107
2019-11-07 12:32:00,-0.001,1.21,-2.38
2019-11-07 12:33:00,-2.909,1.971,0.119
2019-11-07 12:34:00,-1.48,-0.326,-0.254
2019-11-07 12:35:00,-0.418,0.543,1.109
2019-11-07 12:36:00,-2.089,-0.235,-1.293
2019-11-07 12:37:00,-1.237,-0.131,-0.619
2019-11-07 12:38:00,0.447,-1.965,-1.07
2019-11-07 12:39:00,-0.52,0.621,-1.069
2019-11-07 12:40:00,0.714,-0.657,0.789
2019-11-07 12:41:00,-1.459,0.087,-2.007
2019-11-07 12:42:00,-1.471,-0.733,2.434
2019-11-07 12:43:00,1.986,0.791,-0.971
2019-11-07 12:44:00,-0.137,0.697,-2.155
2019-11-07 12:45:00,-0.736,-2.256,0.053
2019-11-07 12:46:00,1.032,0.579,2.143
2019-11-07 12:47:00,0.783,-0.555,-0.456
2019-11-07 12:48:00,0.228,-0.445,-0.824
2019-11-07 12:49:00,0.702,1.187,1.557
2019-11-07 12:50:00,1.116,-0.265,-0.762
2019-11-07 12:51:00,-0.42,1.147,0.295
2019-11-07 12:52:00,-0.565,-0.546,0.341
2019-11-07 12:53:00,-1.171,-1.034,0.162
2019-11-07 12:54:00,-0.113,0.255,1.173
2019-11-07 12:55:00,0.551,0.951,1.99
2019-11-07 12:56:00,0.335,-0.247,-0.637
2019-11-07 12:57:00,0.418,-0.531,0.17
2019-11-07 12:58:00,-2.396,-0.736,1.738
2019-11-07 12:59:00,-1.218,2.26,0.989
2019-11-07 13:00:00,0.016,0.886,-0.604
2019-11-07 13:01:00,0.438,1.659,0.305
2019-11-07 13:02:00,1.305,-0.092,0.135
2019-11-07 13:03:00,-0.8,-0.549,-0.282
2019-11-07 13:04:00,-1.158,0.263,0.92
2019-11-07 13:05:00,0.606,1.19,1.168
2019-11-07 13:06:00,-0.591,-1.762,1.741
2019-11-07 13:07:00,-2.482,0.047,0.993
2019-11-07 13:08:00,1.085,-1.896,0.06
2019-11-07 13:09:00,1.176,0.358,0.36
2019-11-07 13:10:00,1.467,-0.989,-0.539
2019-11-07 13:11:00,-0.046,-0.62,-0.45
2019-11-07 13:12:00,1.68,-2.311,-1.429
2019-11-07 13:13:00,0.058,-0.464,-1.558
2019-11-07 13:14:00,0.984,-1.226,-1.112
2019-11-07 13:15:00,0.41,-0.072,-0.888
2019-11-07 13:16:00,-1.526,0.679,-1.192
2019-11-07 13:17:00,-2.402,-0.659,1.358
2019-11-07 13:18:00,-0.342,-0.336,-0.134
2019-11-07 13:19:00,-1.242,0.533,-0.178
2019-11-07 13:20:00,0.391,-1.127,-0.455
2019-11-07 13:21:00,0.811,0.134,-0.537
2019-11-07 13:22:00,0.073,-0.206,0.461
2019-11-07 13:23:00,-1.551,1.214,0.261
2019-11-07 13:24:00,1.237,0.624,-0.859
2019-11-07 13:25:00,0.016,-0.067,-0.459
2019-11-07 13:26:00,-1.54,-0.735,-0.429
2019-11-07 13:27:00,-0.584,1.241,-0.389
2019-11-07 13:28:00,-0.625,0.995,0.295
2019-11-07 13:29:00,-2.278,-1.2,0.139
2019-11-07 13:30:00,0.648,1.453,0.225
2019-11-07 13:31:00,0.615,0.896,0.524
2019-11-07 13:32:00,-1.075,0.394,-0.464
2019-11-07 13:33:00,-1.312,1.79,-1.963
2019-11-07 13:34:00,0.834,-0.587,0.118
2019-11-07 13:35:00,-2.134,0.641,-1.991
2019-11-07 13:36:00,1.121,0.166,-1.063
2019-11-07 13:37:00,-1.602,-1.185,-0.45
2019-11-07 13:38:00,-0.7,0.733,-1.041
2019-11-07 13:39:00,-0.527,-1.748,-2.221
2019-11-07 13:40:00,-0.554,-0.478,-0.701
2019-11-07 13:41:00,0.585,-0.212,1.129
2019-11-07 13:42:00,0.383,1.002,-0.16
2019-11-07 13:43:00,0.825,1.476,2.208
2019-11-07 13:44:00,0.353,0.077,-0.561
2019-11-07 13:45:00,-2.204,-1.464,0.339
2019-11-07 13:46:00,-0.725,0.907,-1.758
2019-11-07 13:47:00,-0.009,-0.715,-0.592
2019-11-07 13:48:00,0.578,-0.343,-0.071
2019-11-07 13:49:00,1.136,0.503,-0.213
2019-11-07 13:50:00,0.807,-1.576,-0.248
2019-11-07 13:51:00,-0.217,-0.257,0.611
2019-11-07 13:52:00,-0.207,-1.872,-0.001
2019-11-07 13:53:00,1.695,0.314,0.668
2019-11-07 13:54:00,-0.384,1.329,-0.612
2019-11-07 13:55:00,-0.34,-1.24,-1.71
2019-11-07 13:56:00,0.397,-2.571,0.906
2019-11-07 13:57:00,1.067,-2.266,-0.414
2019-11-07 13:58:00,-0.957,0.663,0.186
2019-11-07 13:59:00,-0.333,-0.424,1.564
2019-11-07 14:00:00,-1.165,0.174,1.082
2019-11-07 14:01:00,1.865,-1.181,-1.002
2019-11-07 14:02:00,1.831,-2.385,0.37
2019-11-07 14:03:00,0.002,-0.353,0.745
2019-11-07 14:04:00,1.725,-0.736,0.829
2019-11-07 14:05:00,1.115,-0.748,1.474
2019-11-07 14:06:00,-1.437,-1.46,0.605
2019-11-07 14:07:00,0.803,-0.66,-0.478
2019-11-07 14:08:00,0.857,0.696,-2.012
2019-11-07 14:09:00,0.418,-0.663,0.821
2019-11-07 14:10:00,-0.113,-0.39,0.172
2019-11-07 14:11:00,-1.215,-0.554,-1.583
2019-11-07 14:12:00,0.109,0.709,1.572
2019-11-07 14:13:00,0.514,0.547,-0.297
2019-11-07 14:14:00,-0.938,-0.038,1.999
2019-11-07 14:15:00,1.036,0.62,-0.24
2019-11-07 14:16:00,0.754,1.547,0.915
2019-11-07 14:17:00,-0.439,-1.019,1.049
2019-11-07 14:18:00,-0.828,-0.343,1.64
2019-11-07 14:19:00,-1.555,1.181,-0.579
2019-11-07 14:20:00,-0.667,0.975,1.241
2019-11-07 14:21:00,0.692,1.894,-1.386
2019-11-07 14:22:00,-0.004,0.956,-0.319
2019-11-07 14:23:00,-0.404,0.371,-2.369
2019-11-07 14:24:00,-0.015,1.432,-0.776
2019-11-07 14:25:00,0.131,-0.016,0.378
2019-11-07 14:26:00,0.733,0.707,-0.875
2019-11-07 14:27:00,-0.433,-2.724,-1.386
2019-11-07 14:28:00,-0.874,-1.211,-2.794
2019-11-07 14:29:00,-0.186,0.376,-2.181
2019-11-07 14:30:00,-2.123,1.934,-1.501
2019-11-07 14:31:00,-1.135,1.516,-2.604
2019-11-07 14:32:00,0.071,-0.874,1.632
2019-11-07 14:33:00,-1.423,-1.421,-1.195
2019-11-07 14:34:00,-1.514,-1.568,-0.228
2019-11-07 14:35:00,0.463,-0.992,1.088
2019-11-07 14:36:00,0.039,0.631,-0.272
2019-11-07 14:37:00,-0.921,0.754,-1.088
2019-11-07 14:38:00,0.546,-0.05,1.551
2019-11-07 14:39:00,-2.236,-0.802,0.444
2019-11-07 14:40:00,-0.324,-0.183,-0.77
2019-11-07 14:41:00,-1.718,0.162,-1.395
2019-11-07 14:42:00,-2.102,-0.211,-1.783
2019-11-07 14:43:00,-0.394,-0.31,1.268
2019-11-07 14:44:00,-0.336,1.297,-0.082
2019-11-07 14:45:00,-0.961,-1.203,-2.6
2019-11-07 14:46:00,-1.845,-1.754,-1.779
2019-11-07 14:47:00,1.814,1.777,-0.655
2019-11-07 14:48:00,0.72,-0.179,-2.17
2019-11-07 14:49:00,1.522,-0.033,-2.573
2019-11-07 14:50:00,1.241,-0.031,-1.125
2019-11-07 14:51:00,-0.543,-1.713,-0.752
2019-11-07 14:52:00,0.339,0.215,-2.356
2019-11-07 14:53:00,-0.877,1.351,-0.707
2019-11-07 14:54:00,2.11,-0.63,0.13
2019-11-07 14:55:00,0.19,0.347,0.279
2019-11-07 14:56:00,-0.15,-0.919,0.306
2019-11-07 14:57:00,-0.044,-2.288,-2.163
2019-11-07 14:58:00,-0.934,-1.279,-0.667
2019-11-07 14:59:00,-0.401,0.555,0.977
2019-11-07 15:00:00,-1.779,1.036,-1.727
2019-11-07 15:01:00,-1.037,1.16,-0.677
2019-11-07 15:02:00,-0.722,1.772,1.273
2019-11-07 15:03:00,-1.529,-2.342,1.487
2019-11-07 15:04:00,0.152,0.598,-0.176
2019-11-07 15:05:00,-1.648,-1.867,1.926
2019-11-07 15:06:00,-2.808,-1.907,0.471
2019-11-07 15:07:00,-2.013,0.175,0.093
2019-11-07 15:08:00,1.64,-1.154,-0.797
2019-11-07 15:09:00,-1.459,-0.362,-0.063
2019-11-07 15:10:00,0.455,0.397,0.169
2019-11-07 15:11:00,0.38,1.685,0.116
2019-11-07 15:12:00,0.556,-0.307,0.465
2019-11-07 15:13:00,1.574,-0.402,-2.271
2019-11-07 15:14:00,1.363,1.133,0.099
2019-11-07 15:15:00,0.529,-2.068,1.798
2019-11-07 15:16:00,0.62,-1.663,-0.358
2019-11-07 15:17:00,-0.112,-1.165,1.441
2019-11-07 15:18:00,1.57,-0.972,-0.717
2019-11-07 15:19:00,-1.395,-0.254,-0.516
2019-11-07 15:20:00,0.519,0.461,1.706
2019-11-07 15:21:00,1.899,-1.789,-0.589
2019-11-07 15:22:00,0.563,-1.227,1.149
2019-11-07 15:23:00,-1.926,-0.508,0.554
2019-11-07 15:24:00,0.445,-2.621,-0.749
2019-11-07 15:25:00,-1.472,-0.266,-0.478
2019-11-07 15:26:00,-1.391,0.806,0.026
2019-11-07 15:27:00,0.001,0.872,-1.402
2019-11-07 15:28:00,1.288,-0.066,-1.05
2019-11-07 15:29:00,-1.12,0.822,-1.423
2019-11-07 15:30:00,-1.937,0.858,0.358
2019-11-07 15:31:00,2.052,-1.861,-0.829
2019-11-07 15:32:00,-1.077,0.183,1.161
2019-11-07 15:33:00,-0.138,-1.268,0.838
2019-11-07 15:34:00,-0.582,1.196,-1.761
2019-11-07 15:35:00,0.407,-0.576,-0.534
2019-11-07 15:36:00,0.061,0.26,-0.785
2019-11-07 15:37:00,-0.69,-1.211,-1.491
2019-11-07 15:38:00,-1.135,-0.114,-0.574
2019-11-07 15:39:00,-0.809,-0.108,1.554
2019-11-07 15:40:00,-1.425,-1.261,-0.732
2019-11-07 15:41:00,0.024,0.854,0.252
2019-11-07 15:42:00,0.151,-0.693,-2.089
2019-11-07 15:43:00,-0.716,2.124,-1.193
2019-11-07 15:44:00,0.277,1.698,-0.029
2019-11-07 15:45:00,1.526,-1.344,0.149
2019-11-07 15:46:00,-2.179,-1.215,0.042
2019-11-07 15:47:00,-0.393,-1.375,-0.342
2019-11-07 15:48:00,1.311,0.823,-0.318
2019-11-07 15:49:00,0.839,-0.393,-0.87
2019-11-07 15:50:00,1.814,-0.214,-0.408
2019-11-07 15:51:00,-1.016,-2.082,-1.725
2019-11-07 15:52:00,-0.958,-0.922,2.417
2019-11-07 15:53:00,-0.526,-0.853,-0.116
2019-11-07 15:54:00,-0.485,-0.756,-2.019
2019-11-07 15:55:00,-2.523,0.864,0.291
2019-11-07 15:56:00,-0.074,1.643,-0.664
2019-11-07 15:57:00,0.354,-0.614,-0.109
2019-11-07 15:58:00,0.284,0.552,-0.151
2019-11-07 15:59:00,0.883,-1.137,0.438
2019-11-07 16:00:00,-1.884,-0.676,-0.162
2019-11-07 16:01:00,-1.758,-1.393,-0.619
2019-11-07 16:02:00,-1.425,-1.937,-1.33
2019-11-07 16:03:00,-1.436,-1.33,0.505
2019-11-07 16:04:00,-1.306,1.206,-0.246
2019-11-07 16:05:00,-0.411,-0.006,-1.072
2019-11-07 16:06:00,-1.053,-0.555,-0.852
2019-11-07 16:07:00,-2.267,0.731,-0.224
2019-11-07 16:08:00,0.967,1.247,0.506
2019-11-07 16:09:00,0.871,0.098,-2.773
2019-11-07 16:10:00,-2.323,-1.121,-2.383
2019-11-07 16:11:00,-0.139,-0.831,-1.047
2019-11-07 16:12:00,0.092,0.421,-0.19
2019-11-07 16:13:00,-1.292,0.413,-2.132
2019-11-07 16:14:00,-0.52,1.014,1.589
2019-11-07 16:15:00,-1.625,-0.382,0.896
2019-11-07 16:16:00,1.497,0.477,1.417
2019-11-07 16:17:00,-0.645,-1.023,0.533
2019-11-07 16:18:00,-0.579,-0.317,-0.448
2019-11-07 16:19:00,-0.543,1.131,0.01
2019-11-07 16:20:00,-0.547,1.515,-0.302
2019-11-07 16:21:00,0.626,0.598,-0.706
2019-11-07 16:22:00,1.345,-0.811,-0.864
2019-11-07 16:23:00,-0.544,-0.027,-2.18
2019-11-07 16:24:00,0.893,1.599,0.59
2019-11-07 16:25:00,-0.062,0.137,-0.212
2019-11-07 16:26:00,-1.063,0.018,-0.425
2019-11-07 16:27:00,0.972,-2.489,0.771
2019-11-07 16:28:00,-0.314,-1.854,0.599
2019-11-07 16:29:00,-0.179,0.653,1.115
2019-11-07 16:30:00,-0.262,0.691,0.577
2019-11-07 16:31:00,-0.761,-2.305,-0.633
2019-11-07 16:32:00,0.321,-2.401,-1.862
2019-11-07 16:33:00,1.294,1.241,1.644
2019-11-07 16:34:00,-0.512,-1.264,0.399
2019-11-07 16:35:00,-2.389,0.315,1.619
2019-11-07 16:36:00,-1.06,-2.013,-0.644
2019-11-07 16:37:00,-0.512,-2.351,0.362
2019-11-07 16:38:00,-2.763,-0.318,-1.886
2019-11-07 16:39:00,0.218,0.383,-2.084
2019-11-07 16:40:00,0.921,-0.977,-0.281
2019-11-07 16:41:00,2.108,1.211,0.567
2019-11-07 16:42:00,0.31,1.271,-1.195
2019-11-07 16:43:00,0.211,-2.244,-0.11
2019-11-07 16:44:00,-1.512,-0.836,-1.622
2019-11-07 16:45:00,-0.201,-0.135,1.754
2019-11-07 16:46:00,-2.062,0.018,-2.575
2019-11-07 16:47:00,0.774,1.119,-0.494
2019-11-07 16:48:00,-0.231,-1.826,-0.469
2019-11-07 16:49:00,-0.328,0.07,-0.028
2019-11-07 16:50:00,-0.307,-0.076,1.646
2019-11-07 16:51:00,-0.345,-0.397,-1.844
2019-11-07 16:52:00,-0.076,-1.352,-0.089
2019-11-07 16:53:00,0.84,-0.478,-1.023
2019-11-07 16:54:00,0.198,0.992,0.644
2019-11-07 16:55:00,-0.734,-1.254,0.024
2019-11-07 16:56:00,-1.479,-1.722,-0.575
2019-11-07 16:57:00,-0.154,-1.128,-1.497
2019-11-07 16:58:00,0.551,-0.188,0.022
2019-11-07 16:59:00,0.913,-1.333,0.679
2019-11-07 17:00:00,-1.305,-2.135,-1.252
2019-11-07 17:01:00,0.129,-1.794,-0.012
2019-11-07 17:02:00,-2.921,-1.185,0.181
2019-11-07 17:03:00,0.236,-2.415,1.64
2019-11-07 17:04:00,0.515,0.71,0.031
2019-11-07 17:05:00,-0.67,-1.995,-1.239
2019-11-07 17:06:00,-0.214,-0.498,-0.428
2019-11-07 17:07:00,0.591,0.517,-1.261
2019-11-07 17:08:00,-0.321,-0.16,-1.213
2019-11-07 17:09:00,-0.474,-0.689,-0.608
2019-11-07 17:10:00,-0.072,1.439,-0.253
2019-11-07 17:11:00,-1.43,1.346,-1.961
2019-11-07 17:12:00,0.256,-1.399,-0.147
2019-11-07 17:13:00,-1.098,-0.065,-0.918
2019-11-07 17:14:00,-1.834,1.396,-0.456
2019-11-07 17:15:00,0.237,1.252,-1.958
2019-11-07 17:16:00,-1.026,-1.244,1.767
2019-11-07 17:17:00,-1.435,-0.339,-0.477
2019-11-07 17:18:00,-0.887,-0.488,-1.479
2019-11-07 17:19:00,-1.843,-0.084,-1.154
2019-11-07 17:20:00,-0.711,-0.57,-0.597
2019-11-07 17:21:00,-0.738,-0.504,-0.216
2019-11-07 17:22:00,-2.18,-0.131,1.422
2019-11-07 17:23:00,-0.458,-1.652,-0.669
2019-11-07 17:24:00,2.245,0.875,-0.097
2019-11-07 17:25:00,-0.231,-0.453,-1.32
2019-11-07 17:26:00,1.302,-1.046,0.034
2019-11-07 17:27:00,2.04,-1.625,-1.189
2019-11-07 17:28:00,0.62,0.743,-1.26
2019-11-07 17:29:00,-0.871,-1.838,0.737
2019-11-07 17:30:00,-0.025,1.039,-0.489
2019-11-07 17:31:00,0.227,-2.215,-0.063
2019-11-07 17:32:00,-1.697,-2.434,-0.282
2019-11-07 17:33:00,2.302,-1.629,-0.606
2019-11-07 17:34:00,0.19,0.063,-1.358
2019-11-07 17:35:00,-0.238,-0.995,1.905
2019-11-07 17:36:00,0.45,-1.634,1.88
2019-11-07 17:37:00,0.529,1.704,-1.78
2019-11-07 17:38:00,-2.305,0.218,-0.447
2019-11-07 17:39:00,-0.132,-1.495,0.421
2019-11-07 17:40:00,0.354,-0.453,-0.556
2019-11-07 17:41:00,-0.227,1.512,-1.636
2019-11-07 17:42:00,-0.94,0.04,-0.447
2019-11-07 17:43:00,1.47,-0.863,0.26
2019-11-07 17:44:00,-0.06,-1.041,-0.993
2019-11-07 17:45:00,0.199,0.01,-2.535
2019-11-07 17:46:00,-2.299,-0.125,-1.184
2019-11-07 17:47:00,0.916,-0.586,-0.606
2019-11-07 17:48:00,-0.645,-1.748,1.21
2019-11-07 17:49:00,0.509,-2.591,1.366
2019-11-07 17:50:00,-1.704,-1.368,-0.084
2019-11-07 17:51:00,0.591,1.61,-0.647
2019-11-07 17:52:00,1.206,-0.251,-0.435
2019-11-07 17:53:00,-0.126,-0.587,-2.158
2019-11-07 17:54:00,-0.607,0.68,-0.364
2019-11-07 17:55:00,-0.592,0.61,-0.452
2019-11-07 17:56:00,-0.942,-0.648,-1.103
2019-11-07 17:57:00,1.256,-0.686,0.177
2019-11-07 17:58:00,-0.576,-0.781,-1.83
2019-11-07 17:59:00,-0.311,0.406,-0.96
2019-11-07 18:00:00,-1.857,-1.173,-0.024
2019-11-07 18:01:00,0.077,0.207,-1.467
2019-11-07 18:02:00,-2.384,1.269,0.927
2019-11-07 18:03:00,-0.011,0.962,0.614
2019-11-07 18:04:00,-0.313,0.081,1.263
2019-11-07 18:05:00,1.238,-0.627,-1.18
2019-11-07 18:06:00,0.407,1.749,-2.72
2019-11-07 18:07:00,-2.024,-1.275,-0.628
2019-11-07 18:08:00,1.245,-1.409,-0.276
2019-11-07 18:09:00,0.088,2.227,-1.442
2019-11-07 18:10:00,-2.565,0.577,-0.059
2019-11-07 18:11:00,0.237,1.036,-0.344
2019-11-07 18:12:00,-0.357,-0.656,-0.621
2019-11-07 18:13:00,0.002,1.704,-1.584
2019-11-07 18:14:00,1.045,0.166,-0.215
2019-11-07 18:15:00,-0.762,-0.48,-0.249
2019-11-07 18:16:00,-1.439,-1.538,-0.951
2019-11-07 18:17:00,-1.555,-2.527,0.765
2019-11-07 18:18:00,-0.461,-0.448,-1.309
2019-11-07 18:19:00,1.512,1.019,1.459
2019-11-07 18:20:00,0.092,0.189,-0.103
2019-11-07 18:21:00,0.909,1.708,-1.068
2019-11-07 18:22:00,-1.2,0.055,1.429
2019-11-07 18:23:00,-0.043,0.542,-1.198
2019-11-07 18:24:00,-0.913,-0.984,-2.395
2019-11-07 18:25:00,-1.205,0.54,-1.639
2019-11-07 18:26:00,0.935,-0.149,1.85
2019-11-07 18:27:00,-1.418,-1.102,-0.644
2019-11-07 18:28:00,2.221,-0.249,0.473
2019-11-07 18:29:00,0.818,0.213,0.358
2019-11-07 18:30:00,0.58,-1.202,-0.156
2019-11-07 18:31:00,0.63,0.702,-0.233
2019-11-07 18:32:00,-2.511,-0.316,0.847
2019-11-07 18:33:00,-0.644,-1.726,-0.001
2019-11-07 18:34:00,1.586,-2.762,-2.728
2019-11-07 18:35:00,-2.032,-0.586,-0.467
2019-11-07 18:36:00,-0.86,0.604,-1.596
2019-11-07 18:37:00,-0.524,-0.104,-0.385
2019-11-07 18:38:00,-0.014,-0.002,-0.503
2019-11-07 18:39:00,-2.403,-0.12,-0.344
2019-11-07 18:40:00,-1.298,0.176,0.172
2019-11-07 18:41:00,-2.109,-0.336,2.23
2019-11-07 18:42:00,-0.164,0.408,0.991
2019-11-07 18:43:00,-0.351,0.371,-1.211
2019-11-07 18:44:00,-0.321,-0.108,-0.644
2019-11-07 18:45:00,0.455,0.231,-0.901
2019-11-07 18:46:00,-0.395,-1.543,1.158
2019-11-07 18:47:00,0.699,0.596,-2.029
2019-11-07 18:48:00,1.137,-0.616,-1.272
2019-11-07 18:49:00,-2.444,-2.645,1.374
2019-11-07 18:50:00,0.67,-2.219,-1.957
2019-11-07 18:51:00,-0.381,0.261,-0.297
2019-11-07 18:52:00,-2.537,-1.291,-1.622
2019-11-07 18:53:00,-0.005,1.171,-1.293
2019-11-07 18:54:00,-0.084,1.757,-0.418
2019-11-07 18:55:00,-0.067,-1.916,-1.92
2019-11-07 18:56:00,-1.237,-0.873,-1.731
2019-11-07 18:57:00,-0.777,-0.001,-1.068
2019-11-07 18:58:00,-1.325,-0.254,0.589
2019-11-07 18:59:00,-1.281,0.97,0.203
2019-11-07 19:00:00,0.614,-1.225,-0.668
2019-11-07 19:01:00,-1.847,0.681,-1.489
2019-11-07 19:02:00,-0.75,-0.312,-2.112
2019-11-07 19:03:00,-0.694,-1.569,1.195
2019-11-07 19:04:00,2.459,0.062,0.989
2019-11-07 19:05:00,2.91,0.128,1.107
2019-11-07 19:06:00,2.043,1.423,0.563
2019-11-07 19:07:00,0.222,0.142,1.779
2019-11-07 19:08:00,0.857,1.105,2.402
2019-11-07 19:09:00,1.629,1.585,2.135
2019-11-07 19:10:00,2.934,1.724,2.626
2019-11-07 19:11:00,2.703,1.902,1.213
2019-11-07 19:12:00,2.984,0.438,0.751
2019-11-07 19:13:00,2.842,0.289,2.944
2019-11-07 19:14:00,1.754,1.746,0.901
2019-11-07 19:15:00,2.053,2.361,0.291
2019-11-07 19:16:00,0.852,0.385,0.638
2019-11-07 19:17:00,0.27,0.156,2.065
2019-11-07 19:18:00,2.823,2.38,0.296
2019-11-07 19:19:00,0.319,1.865,2.295
2019-11-07 19:20:00,2.346,0.172,0.129
2019-11-07 19:21:00,2.238,0.961,2.627
2019-11-07 19:22:00,1.597,2.384,2.017
2019-11-07 19:23:00,0.5,2.394,0.009
2019-11-07 19:24:00,2.436,1.931,1.79
2019-11-07 19:25:00,1.979,0.554,0.499
2019-11-07 19:26:00,1.832,0.053,2.202
2019-11-07 19:27:00,0.822,0.059,1.957
2019-11-07 19:28:00,1.568,1.782,2.126
2019-11-07 19:29:00,1.191,2.677,2.821
2019-11-07 19:30:00,1.085,1.195,2.994
2019-11-07 19:31:00,0.713,1.846,1.976
2019-11-07 19:32:00,2.218,2.52,1.849
2019-11-07 19:33:00,1.434,1.508,0.591
2019-11-07 19:34:00,1.538,2.01,1.246
2019-11-07 19:35:00,0.437,2.458,1.61
2019-11-07 19:36:00,2.107,0.845,0.418
2019-11-07 19:37:00,2.788,0.59,1.894
2019-11-07 19:38:00,2.142,1.438,2.676
2019-11-07 19:39:00,0.012,1.208,2.369
2019-11-07 19:40:00,0.03,0.626,0.343
2019-11-07 19:41:00,0.853,1.248,1.537
2019-11-07 19:42:00,0.217,2.787,2.78
2019-11-07 19:43:00,0.419,1.883,1.778
2019-11-07 19:44:00,2.772,2.642,1.762
2019-11-07 19:45:00,0.992,0.394,1.033
2019-11-07 19:46:00,1.382,0.791,0.763
2019-11-07 19:47:00,0.713,0.383,0.331
2019-11-07 19:48:00,2.475,1.423,2.811
2019-11-07 19:49:00,2.05,1.227,0.808
2019-11-07 19:50:00,0.54,2.689,0.176
2019-11-07 19:51:00,0.097,0.929,0.654
2019-11-07 19:52:00,2.21,2.921,2.518
2019-11-07 19:53:00,2.885,1.976,0.171
2019-11-07 19:54:00,1.735,1.31,2.902
2019-11-07 19:55:00,0.259,0.757,1.462
2019-11-07 19:56:00,0.53,1.969,0.729
2019-11-07 19:57:00,1.075,2.994,1.698
2019-11-07 19:58:00,2.936,1.792,0.247
2019-11-07 19:59:00,0.64,0.751,2.349
2019-11-07 20:00:00,1.048,2.142,2.816
2019-11-07 20:01:00,0.399,1.532,0.434
2019-11-07 20:02:00,2.105,0.098,1.54
2019-11-07 20:03:00,0.069,2.594,0.283
2019-11-07 20:04:00,1.499,1.818,0.014
2019-11-07 20:05:00,1.305,1.066,2.505
2019-11-07 20:06:00,1.689,0.378,2.255
2019-11-07 20:07:00,2.411,0.821,0.228
2019-11-07 20:08:00,0.289,1.409,1.026
2019-11-07 20:09:00,0.872,0.21,0.559
2019-11-07 20:10:00,2.118,0.064,0.492
2019-11-07 20:11:00,2.725,0.538,0.962
2019-11-07 20:12:00,1.923,2.762,0.325
2019-11-07 20:13:00,1.504,1.679,2.178
2019-11-07 20:14:00,2.037,0.924,0.264
2019-11-07 20:15:00,0.209,1.442,2.18
2019-11-07 20:16:00,0.881,2.068,0.155
2019-11-07 20:17:00,1.278,2.439,0.609
2019-11-07 20:18:00,1.472,2.897,0.029
2019-11-07 20:19:00,1.422,0.33,1.031
2019-11-07 20:20:00,1.429,2.703,2.803
2019-11-07 20:21:00,1.111,2.805,2.604
2019-11-07 20:22:00,1.78,1.153,2.24
2019-11-07 20:23:00,1.812,0.587,1.623
2019-11-07 20:24:00,0.576,2.753,0.888
2019-11-07 20:25:00,1.378,2.658,2.291
2019-11-07 20:26:00,1.089,1.824,2.954
2019-11-07 20:27:00,0.892,0.689,2.076
2019-11-07 20:28:00,0.145,0.654,2.111
2019-11-07 20:29:00,1.062,0.021,0.812
2019-11-07 20:30:00,2.555,2.805,0.664
2019-11-07 20:31:00,0.67,0.094,1.138
2019-11-07 20:32:00,0.402,0.369,2.05
2019-11-07 20:33:00,1.869,0.461,1.348
2019-11-07 20:34:00,2.439,2.794,1.386
2019-11-07 20:35:00,2.63,1.712,2.783
2019-11-07 20:36:00,2.785,1.927,1.026
2019-11-07 20:37:00,0.432,2.179,0.925
2019-11-07 20:38:00,1.376,2.103,0.802
2019-11-07 20:39:00,0.572,1.843,0.706
2019-11-07 20:40:00,0.191,0.04,1.308
2019-11-07 20:41:00,2.126,1.139,2.847
2019-11-07 20:42:00,2.161,1.955,2.424
2019-11-07 20:43:00,0.636,2.961,1.16
2019-11-07 20:44:00,0.602,2.402,2.168
2019-11-07 20:45:00,0.357,2.307,1.704
2019-11-07 20:46:00,1.455,1.085,0.755
2019-11-07 20:47:00,2.985,1.819,0.159
2019-11-07 20:48:00,1.555,0.118,1.305
2019-11-07 20:49:00,0.595,0.692,0.83
2019-11-07 20:50:00,0.659,2.699,2.207
2019-11-07 20:51:00,0.699,1.538,0.706
2019-11-07 20:52:00,2.905,2.148,0.223
2019-11-07 20:53:00,1.279,2.603,2.421
2019-11-07 20:54:00,2.187,0.954,1.223
2019-11-07 20:55:00,0.781,0.563,2.17
2019-11-07 20:56:00,0.979,2.739,0.112
2019-11-07 20:57:00,2.501,0.227,1.061
2019-11-07 20:58:00,0.954,1.173,0.426
2019-11-07 20:59:00,2.266,0.872,0.351
2019-11-07 21:00:00,0.055,1.645,1.484
2019-11-07 21:01:00,2.33,2.273,1.185
2019-11-07 21:02:00,2.231,2.869,2.865
2019-11-07 21:03:00,0.771,2.422,0.84
2019-11-07 21:04:00,1.288,0.007,1.253
2019-11-07 21:05:00,1.44,0.768,1.056
2019-11-07 21:06:00,0.748,2.971,0.803
2019-11-07 21:07:00,0.479,2.365,0.002
2019-11-07 21:08:00,0.191,0.539,1.201
2019-11-07 21:09:00,2.16,1.511,2.279
2019-11-07 21:10:00,0.566,0.641,1.401
2019-11-07 21:11:00,0.167,0.483,2.471
2019-11-07 21:12:00,1.122,2.21,0.599
2019-11-07 21:13:00,0.11,0.581,0.855
2019-11-07 21:14:00,0.076,0.316,0.292
2019-11-07 21:15:00,2.62,1.454,1.353
2019-11-07 21:16:00,0.259,2.498,1.909
2019-11-07 21:17:00,0.914,1.333,1.254
2019-11-07 21:18:00,0.079,0.384,0.015
2019-11-07 21:19:00,1.626,0.045,2.258
2019-11-07 21:20:00,0.923,2.946,1.558
2019-11-07 21:21:00,2.744,1.65,1.886
2019-11-07 21:22:00,1.189,1.412,1.263
2019-11-07 21:23:00,1.821,0.744,1.036
2019-11-07 21:24:00,1.167,1.658,0.054
2019-11-07 21:25:00,1.453,0.671,0.2
2019-11-07 21:26:00,1.47,1.698,1.177
2019-11-07 21:27:00,2.123,0.67,0.569
2019-11-07 21:28:00,0.641,1.492,2.557
2019-11-07 21:29:00,2.248,2.691,1.778
2019-11-07 21:30:00,2.246,2.404,0.046
2019-11-07 21:31:00,2.926,2.901,1.421
2019-11-07 21:32:00,2.968,0.605,2.243
2019-11-07 21:33:00,2.427,2.288,0.629
2019-11-07 21:34:00,1.726,0.609,2.348
2019-11-07 21:35:00,2.177,0.454,2.335
2019-11-07 21:36:00,0.462,1.71,0.285
2019-11-07 21:37:00,0.234,2.373,1.766
2019-11-07 21:38:00,0.785,2.558,0.071
2019-11-07 21:39:00,1.229,1.3,2.638
2019-11-07 21:40:00,2.916,2.643,0.294
2019-11-07 21:41:00,0.854,1.617,1.53
2019-11-07 21:42:00,0.351,2.555,2.302
2019-11-07 21:43:00,0.789,1.36,0.635
2019-11-07 21:44:00,1.692,2.104,0.024
2019-11-07 21:45:00,2.622,1.072,1.351
2019-11-07 21:46:00,2.164,1.689,1.461
2019-11-07 21:47:00,2.597,0.22,1.932
2019-11-07 21:48:00,1.709,1.119,1.016
2019-11-07 21:49:00,1.279,0.537,0.01
2019-11-07 21:50:00,1.543,0.485,2.868
2019-11-07 21:51:00,0.012,0.91,2.031
2019-11-07 21:52:00,2.126,2.581,2.322
2019-11-07 21:53:00,0.598,0.067,0.768
2019-11-07 21:54:00,0.121,1.519,2.558
2019-11-07 21:55:00,0.839,1.734,0.86
2019-11-07 21:56:00,2.911,0.096,0.894
2019-11-07 21:57:00,2.444,0.115,1.615
2019-11-07 21:58:00,0.626,1.051,0.005
2019-11-07 21:59:00,0.992,2.355,0.501
2019-11-07 22:00:00,1.06,0.029,0.001
2019-11-07 22:01:00,1.398,2.362,0.037
2019-11-07 22:02:00,2.256,2.591,0.934
2019-11-07 22:03:00,1.207,1.702,0.033
2019-11-07 22:04:00,2.28,0.166,0.283
2019-11-07 22:05:00,2.262,2.067,0.215
2019-11-07 22:06:00,1.528,2.775,0.926
2019-11-07 22:07:00,2.432,0.986,0.645
2019-11-07 22:08:00,2.292,0.414,1.47
2019-11-07 22:09:00,2.203,2.226,1.519
2019-11-07 22:10:00,0.188,0.811,2.567
2019-11-07 22:11:00,0.624,2.826,1.832
2019-11-07 22:12:00,1.287,0.914,2.322
2019-11-07 22:13:00,0.923,1.972,1.661
2019-11-07 22:14:00,0.012,1.402,0.616
2019-11-07 22:15:00,1.031,2.373,2.242
2019-11-07 22:16:00,2.301,1.17,0.38
2019-11-07 22:17:00,1.331,0.604,0.469
2019-11-07 22:18:00,0.864,1.97,2.054
2019-11-07 22:19:00,0.056,0.202,2.192
2019-11-07 22:20:00,0.437,2.482,0.971
2019-11-07 22:21:00,2.26,0.533,0.493
2019-11-07 22:22:00,2.089,0.838,2.348
2019-11-07 22:23:00,0.123,0.974,0.314
2019-11-07 22:24:00,2.008,0.273,1.112
2019-11-07 22:25:00,0.627,0.413,1.053
2019-11-07 22:26:00,2.692,0.39,1.151
2019-11-07 22:27:00,2.076,0.31,0.355
2019-11-07 22:28:00,1.85,0.82,1.064
2019-11-07 22:29:00,1.061,0.152,0.042
2019-11-07 22:30:00,2.48,0.009,0.413
2019-11-07 22:31:00,0.024,0.036,0.635
2019-11-07 22:32:00,0.119,0.863,0.345
2019-11-07 22:33:00,1.178,0.674,0.792
2019-11-07 22:34:00,0.003,0.849,0.342
2019-11-07 22:35:00,1.129,0.52,0.097
2019-11-07 22:36:00,1.831,0.814,0.536
2019-11-07 22:37:00,2.666,0.02,0.139
2019-11-07 22:38:00,1.947,0.051,0.661
2019-11-07 22:39:00,1.471,0.477,0.827
2019-11-07 22:40:00,1.37,0.8,0.436
2019-11-07 22:41:00,2.494,0.21,0.265
2019-11-07 22:42:00,2.526,0.498,0.532
2019-11-07 22:43:00,0.875,0.563,0.698
2019-11-07 22:44:00,0.443,0.91,0.045
2019-11-07 22:45:00,2.294,0.982,0.344
2019-11-07 22:46:00,0.423,0.075,0.334
2019-11-07 22:47:00,0.386,0.708,0.832
2019-11-07 22:48:00,1.653,0.632,0.694
2019-11-07 22:49:00,1.478,0.383,0.078
2019-11-07 22:50:00,1.951,0.394,0.982
2019-11-07 22:51:00,0.165,0.894,0.649
2019-11-07 22:52:00,0.78,0.952,0.22
2019-11-07 22:53:00,1.299,0.357,0.45
2019-11-07 22:54:00,1.421,0.37,0.598
2019-11-07 22:55:00,1.691,0.626,0.498
2019-11-07 22:56:00,2.775,0.189,0.459
2019-11-07 22:57:00,1.664,0.892,0.713
2019-11-07 22:58:00,1.366,0.11,0.531
2019-11-07 22:59:00,2.456,0.207,0.258
2019-11-07 23:00:00,0.039,0.069,0.808
2019-11-07 23:01:00,0.908,0.454,0.973
2019-11-07 23:02:00,0.403,0.242,0.342
2019-11-07 23:03:00,0.487,0.407,0.76
2019-11-07 23:04:00,0.953,0.18,0.749
2019-11-07 23:05:00,0.509,0.534,0.085
2019-11-07 23:06:00,0.954,0.943,0.701
2019-11-07 23:07:00,0.218,0.469,0.67
2019-11-07 23:08:00,0.203,0.819,0.018
2019-11-07 23:09:00,0.835,0.839,0.941
2019-11-07 23:10:00,0.02,0.283,0.743
2019-11-07 23:11:00,0.512,0.161,0.074
2019-11-07 23:12:00,0.494,0.395,0.542
2019-11-07 23:13:00,0.241,0.37,0.705
2019-11-07 23:14:00,0.3,0.554,0.757
2019-11-07 23:15:00,0.95,0.669,0.38
2019-11-07 23:16:00,0.343,0.765,0.553
2019-11-07 23:17:00,0.623,0.122,0.045
2019-11-07 23:18:00,0.17,0.314,0.243
2019-11-07 23:19:00,0.421,0.812,0.239
2019-11-07 23:20:00,0.397,0.818,0.593
2019-11-07 23:21:00,0.984,0.604,0.442
2019-11-07 23:22:00,0.342,0.188,0.176
2019-11-07 23:23:00,0.436,0.651,0.988
2019-11-07 23:24:00,0.582,0.978,0.706
2019-11-07 23:25:00,0.517,0.745,0.992
2019-11-07 23:26:00,0.29,0.693,0.169
2019-11-07 23:27:00,0.463,0.119,0.839
2019-11-07 23:28:00,0.821,0.026,0.656
2019-11-07 23:29:00,0.835,0.557,0.085
2019-11-07 23:30:00,0.511,0.607,0.636
2019-11-07 23:31:00,0.794,0.774,0.484
2019-11-07 23:32:00,0.362,0.879,0.458
2019-11-07 23:33:00,0.905,0.646,0.819
2019-11-07 23:34:00,0.138,0.718,0.776
2019-11-07 23:35:00,0.16,0.686,0.287
2019-11-07 23:36:00,0.525,0.821,0.305
2019-11-07 23:37:00,0.944,0.154,0.649
2019-11-07 23:38:00,0.326,0.57,0.281
2019-11-07 23:39:00,0.642,0.77,0.9
2019-11-07 23:40:00,0.275,0.893,0.063
2019-11-07 23:41:00,0.546,0.375,0.393
2019-11-07 23:42:00,0.525,0.256,0.96
2019-11-07 23:43:00,0.798,0.922,0.522
2019-11-07 23:44:00,0.327,0.486,0.382
2019-11-07 23:45:00,0.31,0.563,0.513
2019-11-07 23:46:00,0.536,0.296,0.292
2019-11-07 23:47:00,0.605,0.924,0.323
2019-11-07 23:48:00,0.306,0.384,0.946
2019-11-07 23:49:00,0.743,0.415,0.474
2019-11-07 23:50:00,0.302,0.814,0.726
2019-11-07 23:51:00,0.691,0.018,0.107
2019-11-07 23:52:00,0.937,0.421,0.412
2019-11-07 23:53:00,0.355,0.974,0.623
2019-11-07 23:54:00,0.344,0.003,0.265
2019-11-07 23:55:00,0.117,0.712,0.971
2019-11-07 23:56:00,0.294,0.167,0.501
2019-11-07 23:57:00,0.107,0.696,0.6
2019-11-07 23:58:00,0.645,0.555,0.409
2019-11-07 23:59:00,0.338,0.254,0.937
