,mean voltage p.u.,P,Q
2023-08-31 22:00:00,"1,0014029741011847",-11,0
2023-08-31 22:01:00,"1,001292949971771",-11,0
2023-08-31 22:02:00,"1,0007428250527857",-11,0
2023-08-31 22:03:00,"1,0005225185433926",-11,0
2023-08-31 22:04:00,"0,9998624119341549",-10,0
2023-08-31 22:05:00,"0,9992021119510586",-10,0
2023-08-31 22:06:00,"0,9981569159310967",-10,0
2023-08-31 22:07:00,"0,9974412505039107",-10,0
2023-08-31 22:08:00,"0,997110838770505",-10,0
2023-08-31 22:09:00,"0,9967806885745754",-10,0
2023-08-31 22:10:00,"0,9967806338989816",-10,0
2023-08-31 22:11:00,"0,997220971023849",-10,0
2023-08-31 22:12:00,"0,9976612108443058",-10,0
2023-08-31 22:13:00,"0,9981013910768409",-10,0
2023-08-31 22:14:00,"0,998101294013237",-10,0
2023-08-31 22:15:00,"0,998101294013232",-10,0
2023-08-31 22:16:00,"0,9984315583682253",-10,0
2023-08-31 22:17:00,"0,9992021909534026",-10,0
2023-08-31 22:18:00,"0,9996421709064096",-10,0
2023-08-31 22:19:00,"1,0007432796165037",-11,0
2023-08-31 22:20:00,"1,0002473592483112",-11,0
2023-08-31 22:21:00,"0,9999722838126801",-10,0
2023-08-31 22:22:00,"1,0004124641143344",-11,0
2023-08-31 22:23:00,"1,0004124641143344",-11,0
2023-08-31 22:24:00,"1,0010178088866566",-11,0
2023-08-31 22:25:00,"1,0007426738463812",-11,0
2023-08-31 22:26:00,"1,0007426738463812",-11,0
2023-08-31 22:27:00,"1,001623153658979",-11,0
2023-08-31 22:28:00,"1,002063274355988",-11,0
2023-08-31 22:29:00,"1,002063274355988",-11,0
2023-08-31 22:30:00,"1,002063274355988",-11,0
2023-08-31 22:31:00,"1,0023934840880349",-11,0
2023-08-31 22:32:00,"1,0023934840880349",-11,0
2023-08-31 22:33:00,"1,0034940242491373",-11,0
2023-08-31 22:34:00,"1,0038242339811838",-11,0
2023-08-31 22:35:00,"1,0040442943296886",-11,0
2023-08-31 22:36:00,"1,0040442943296886",-11,0
2023-08-31 22:37:00,"1,0040442943296886",-11,0
2023-08-31 22:38:00,"1,0037692784987025",-11,0
2023-08-31 22:39:00,"1,0033839940748848",-11,0
2023-08-31 22:40:00,"1,0033839940748848",-11,0
2023-08-31 22:41:00,"1,0033839940748848",-11,0
2023-08-31 22:42:00,"1,0033839940748848",-11,0
2023-08-31 22:43:00,"1,0033839940748848",-11,0
2023-08-31 22:44:00,"1,0033839940748848",-11,0
2023-08-31 22:45:00,"1,0033839940748848",-11,0
2023-08-31 22:46:00,"1,0038242339811838",-11,0
2023-08-31 22:47:00,"1,0053650140485857",-11,0
2023-08-31 22:48:00,"1,0056952237806318",-11,0
2023-08-31 22:49:00,"1,0057501792631134",-11,0
2023-08-31 22:50:00,"1,006025314303389",-11,0
2023-08-31 22:51:00,"1,0059152841291368",-11,0
2023-08-31 22:52:00,"1,0049247741422866",-11,0
2023-08-31 22:53:00,"1,0047045945844923",-11,0
2023-08-31 22:54:00,"1,0047045945844923",-11,0
2023-08-31 22:55:00,"1,0047045945844923",-11,0
2023-08-31 22:56:00,"1,0042644738874829",-11,0
2023-08-31 22:57:00,"1,0040442943296886",-11,0
2023-08-31 22:58:00,"1,0031639337263802",-11,0
2023-08-31 22:59:00,"1,0017331838332313",-11,0
2023-08-31 23:00:00,"1,0017331838332313",-11,0
2023-08-31 23:01:00,"1,0017331838332313",-11,0
2023-08-31 23:02:00,"1,0017331838332313",-11,0
2023-08-31 23:03:00,"1,0011827945433902",-11,0
2023-08-31 23:04:00,"1,0010727643691382",-11,0
2023-08-31 23:05:00,"1,0007426738463812",-11,0
2023-08-31 23:06:00,"1,0004124641143344",-11,0
2023-08-31 23:07:00,"1,0004124641143344",-11,0
2023-08-31 23:08:00,"1,0004124641143344",-11,0
2023-08-31 23:09:00,"1,0006325244628391",-11,0
2023-08-31 23:10:00,"1,0010727643691382",-11,0
2023-08-31 23:11:00,"1,0010727643691382",-11,0
2023-08-31 23:12:00,"1,0004124641143344",-11,0
2023-08-31 23:13:00,"1,0004124641143344",-11,0
2023-08-31 23:14:00,"1,0004124641143344",-11,0
2023-08-31 23:15:00,"1,0010727643691382",-11,0
2023-08-31 23:16:00,"1,0010727643691382",-11,0
2023-08-31 23:17:00,"1,002063274355988",-11,0
2023-08-31 23:18:00,"1,002063274355988",-11,0
2023-08-31 23:19:00,"1,002118349047759",-11,0
2023-08-31 23:20:00,"1,0017336734245077",-11,0
2023-08-31 23:21:00,"1,0021735202623607",-11,0
2023-08-31 23:22:00,"1,0030542902490034",-11,0
2023-08-31 23:23:00,"1,0017340538370676",-11,0
2023-08-31 23:24:00,"1,0015680927171933",-11,0
2023-08-31 23:25:00,"1,0014029877119204",-11,0
2023-08-31 23:26:00,"1,0014029741011847",-11,0
2023-08-31 23:27:00,"1,0015680925779211",-11,0
2023-08-31 23:28:00,"1,0017331974394563",-11,0
2023-08-31 23:29:00,"1,0017331838332313",-11,0
2023-08-31 23:30:00,"1,0018981830765503",-11,0
2023-08-31 23:31:00,"1,002338625373962",-11,0
2023-08-31 23:32:00,"1,0023934855892631",-11,0
2023-08-31 23:33:00,"1,0023934840880349",-11,0
2023-08-31 23:34:00,"1,0023934840880349",-11,0
2023-08-31 23:35:00,"1,0025035203011528",-11,0
2023-08-31 23:36:00,"1,0043762499809077",-11,0
2023-08-31 23:37:00,"1,005035020218604",-11,0
2023-08-31 23:38:00,"1,0050348043165622",-11,0
2023-08-31 23:39:00,"1,005034804316539",-11,0
2023-08-31 23:40:00,"1,00503616230833",-11,0
2023-08-31 23:41:00,"1,0050348043174562",-11,0
2023-08-31 23:42:00,"1,005034804316539",-11,0
2023-08-31 23:43:00,"1,0049247801652814",-11,0
2023-08-31 23:44:00,"1,0047046187065414",-11,0
2023-08-31 23:45:00,"1,0049247982630156",-11,0
2023-08-31 23:46:00,"1,0054751948662577",-11,0
2023-08-31 23:47:00,"1,006025464795115",-11,0
2023-08-31 23:48:00,"1,0057502169272317",-11,0
2023-08-31 23:49:00,"1,0056952252841098",-11,0
2023-08-31 23:50:00,"1,0055301324674786",-11,0
2023-08-31 23:51:00,"1,0053650276056592",-11,0
2023-08-31 23:52:00,"1,0053650140485857",-11,0
2023-08-31 23:53:00,"1,0053650140485852",-11,0
2023-08-31 23:54:00,"1,0055850984811574",-11,0
2023-08-31 23:55:00,"1,005695229810744",-11,0
2023-08-31 23:56:00,"1,005695223780632",-11,0
2023-08-31 23:57:00,"1,005695223780632",-11,0
2023-08-31 23:58:00,"1,0052000311561708",-11,0
2023-08-31 23:59:00,"1,0047048358288404",-11,0
2023-09-01 00:00:00,"1,004819483759537",-11,0
2023-09-01 00:01:00,"1,005034827386823",-11,0
2023-09-01 00:02:00,"1,0042647691232789",-11,0
2023-09-01 00:03:00,"1,0040444377141682",-11,0
2023-09-01 00:04:00,"1,0039893403590354",-11,0
2023-09-01 00:05:00,"1,003714241506596",-11,0
2023-09-01 00:06:00,"1,0037142038069324",-11,0
2023-09-01 00:07:00,"1,0037142038069318",-11,0
2023-09-01 00:08:00,"1,0037142038069315",-11,0
2023-09-01 00:09:00,"1,0037142038069318",-11,0
2023-09-01 00:10:00,"1,0035491125202802",-11,0
2023-09-01 00:11:00,"1,0037142173863034",-11,0
2023-09-01 00:12:00,"1,0037142038069318",-11,0
2023-09-01 00:13:00,"1,0037142038069315",-11,0
2023-09-01 00:14:00,"1,0037142038069318",-11,0
2023-09-01 00:15:00,"1,0036041796635988",-11,0
2023-09-01 00:16:00,"1,0033840182286773",-11,0
2023-09-01 00:17:00,"1,0033839940748857",-11,0
2023-09-01 00:18:00,"1,003383994074885",-11,0
2023-09-01 00:19:00,"1,003383994074885",-11,0
2023-09-01 00:20:00,"1,0035501202999422",-11,0
2023-09-01 00:21:00,"1,0040444160017243",-11,0
2023-09-01 00:22:00,"1,004044294329696",-11,0
2023-09-01 00:23:00,"1,004044294329689",-11,0
2023-09-01 00:24:00,"1,004264498029365",-11,0
2023-09-01 00:25:00,"1,004594618650839",-11,0
2023-09-01 00:26:00,"1,004704600604187",-11,0
2023-09-01 00:27:00,"1,0047045945844923",-11,0
2023-09-01 00:28:00,"1,0053652311043604",-11,0
2023-09-01 00:29:00,"1,005365014048609",-11,0
2023-09-01 00:30:00,"1,0059705410643156",-11,0
2023-09-01 00:31:00,"1,0063555977015533",-11,0
2023-09-01 00:32:00,"1,0059704325567698",-11,0
2023-09-01 00:33:00,"1,0048704207405974",-11,0
2023-09-01 00:34:00,"1,0040447530294652",-11,0
2023-09-01 00:35:00,"1,0030543924659356",-11,0
2023-09-01 00:36:00,"1,0030539035522472",-11,0
2023-09-01 00:37:00,"1,003549221176848",-11,0
2023-09-01 00:38:00,"1,0040444164449878",-11,0
2023-09-01 00:39:00,"1,0035492211164942",-11,0
2023-09-01 00:40:00,"1,0030558557073277",-11,0
2023-09-01 00:41:00,"1,003384047748261",-11,0
2023-09-01 00:42:00,"1,0044851377289934",-11,0
2023-09-01 00:43:00,"1,004704737792966",-11,0
2023-09-01 00:44:00,"1,003274982664581",-11,0
2023-09-01 00:45:00,"1,002778772073892",-11,0
2023-09-01 00:46:00,"1,003384176714207",-11,0
2023-09-01 00:47:00,"1,0033839940749016",-11,0
2023-09-01 00:48:00,"1,003383994074885",-11,0
2023-09-01 00:49:00,"1,003383994074885",-11,0
2023-09-01 00:50:00,"1,003383994074885",-11,0
2023-09-01 00:51:00,"1,003439070278152",-11,0
2023-09-01 00:52:00,"1,0037142415264413",-11,0
2023-09-01 00:53:00,"1,0037142038069329",-11,0
2023-09-01 00:54:00,"1,0037142038069315",-11,0
2023-09-01 00:55:00,"1,0037142038069315",-11,0
2023-09-01 00:56:00,"1,0037142038069318",-11,0
2023-09-01 00:57:00,"1,0037142038069315",-11,0
2023-09-01 00:58:00,"1,0040443486079649",-11,0
2023-09-01 00:59:00,"1,00404429432969",-11,0
2023-09-01 01:00:00,"1,0040445114656358",-11,0
2023-09-01 01:01:00,"1,0040442943297123",-11,0
2023-09-01 01:02:00,"1,0040442943296888",-11,0
2023-09-01 01:03:00,"1,0038792030385726",-11,0
2023-09-01 01:04:00,"1,0035491532147267",-11,0
2023-09-01 01:05:00,"1,0027240333067973",-11,0
2023-09-01 01:06:00,"1,003053957811513",-11,0
2023-09-01 01:07:00,"1,0037144211056976",-11,0
2023-09-01 01:08:00,"1,004154540164916",-11,0
2023-09-01 01:09:00,"1,004374528153702",-11,0
2023-09-01 01:10:00,"1,0043745040617356",-11,0
2023-09-01 01:11:00,"1,004759862384326",-11,0
2023-09-01 01:12:00,"1,0060261111945763",-11,0
2023-09-01 01:13:00,"1,0060253143037048",-11,0
2023-09-01 01:14:00,"1,006025314303389",-11,0
2023-09-01 01:15:00,"1,006025314303389",-11,0
2023-09-01 01:16:00,"1,006025314303389",-11,0
2023-09-01 01:17:00,"1,0055852898794182",-11,0
2023-09-01 01:18:00,"1,0053650381745558",-11,0
2023-09-01 01:19:00,"1,0052549898979906",-11,0
2023-09-01 01:20:00,"1,0050913291228345",-11,0
2023-09-01 01:21:00,"1,0053650513105916",-11,0
2023-09-01 01:22:00,"1,0053650140485864",-11,0
2023-09-01 01:23:00,"1,0048148945586937",-11,0
2023-09-01 01:24:00,"1,0047047198345964",-11,0
2023-09-01 01:25:00,"1,0047047137937817",-11,0
2023-09-01 01:26:00,"1,0053652310259822",-11,0
2023-09-01 01:27:00,"1,0053650140486088",-11,0
2023-09-01 01:28:00,"1,0053650140485857",-11,0
2023-09-01 01:29:00,"1,0058053503433466",-11,0
2023-09-01 01:30:00,"1,0060253383558282",-11,0
2023-09-01 01:31:00,"1,0060253143033893",-11,0
2023-09-01 01:32:00,"1,005750336062763",-11,0
2023-09-01 01:33:00,"1,0056952252906308",-11,0
2023-09-01 01:34:00,"1,005695223780632",-11,0
2023-09-01 01:35:00,"1,0057501807646148",-11,0
2023-09-01 01:36:00,"1,0060253519362257",-11,0
2023-09-01 01:37:00,"1,00602531430339",-11,0
2023-09-01 01:38:00,"1,0056952779342163",-11,0
2023-09-01 01:39:00,"1,0053650682768571",-11,0
2023-09-01 01:40:00,"1,0050359038926229",-11,0
2023-09-01 01:41:00,"1,0053650679339714",-11,0
2023-09-01 01:42:00,"1,00569527799123",-11,0
2023-09-01 01:43:00,"1,0063557407635286",-11,0
2023-09-01 01:44:00,"1,0063555240354591",-11,0
2023-09-01 01:45:00,"1,0063555240354356",-11,0
2023-09-01 01:46:00,"1,0066306966863212",-11,0
2023-09-01 01:47:00,"1,006685616056246",-11,0
2023-09-01 01:48:00,"1,0064655782624885",-11,0
2023-09-01 01:49:00,"1,006025410596972",-11,0
2023-09-01 01:50:00,"1,0060253143033937",-11,0
2023-09-01 01:51:00,"1,0053652307411578",-11,0
2023-09-01 01:52:00,"1,0051999227752433",-11,0
2023-09-01 01:53:00,"1,0050348178780726",-11,0
2023-09-01 01:54:00,"1,005034804316539",-11,0
2023-09-01 01:55:00,"1,005034804316539",-11,0
2023-09-01 01:56:00,"1,005255007992422",-11,0
2023-09-01 01:57:00,"1,0054201022949538",-11,0
2023-09-01 01:58:00,"1,0058053277259382",-11,0
2023-09-01 01:59:00,"1,006355674519814",-11,0
2023-09-01 02:00:00,"1,006356126457408",-11,0
2023-09-01 02:01:00,"1,006355524035616",-11,0
2023-09-01 02:02:00,"1,0066857879424058",-11,0
2023-09-01 02:03:00,"1,006465578300073",-11,0
2023-09-01 02:04:00,"1,0060254105969886",-11,0
2023-09-01 02:05:00,"1,0060253143033937",-11,0
2023-09-01 02:06:00,"1,006025314303389",-11,0
2023-09-01 02:07:00,"1,0053652307411578",-11,0
2023-09-01 02:08:00,"1,0053650140486088",-11,0
2023-09-01 02:09:00,"1,0053650140485857",-11,0
2023-09-01 02:10:00,"1,005420090248874",-11,0
2023-09-01 02:11:00,"1,0054199695310742",-11,0
2023-09-01 02:12:00,"1,0053650155504978",-11,0
2023-09-01 02:13:00,"1,0053650140485857",-11,0
2023-09-01 02:14:00,"1,0053650140485857",-11,0
2023-09-01 02:15:00,"1,0053650140485857",-11,0
2023-09-01 02:16:00,"1,0050348585448368",-11,0
2023-09-01 02:17:00,"1,0050348043165402",-11,0
2023-09-01 02:18:00,"1,004539730922774",-11,0
2023-09-01 02:19:00,"1,0043745176500058",-11,0
2023-09-01 02:20:00,"1,0043745583613652",-11,0
2023-09-01 02:21:00,"1,0042095319647772",-11,0
2023-09-01 02:22:00,"1,003714325967684",-11,0
2023-09-01 02:23:00,"1,0035491125403806",-11,0
2023-09-01 02:24:00,"1,0033840076587284",-11,0
2023-09-01 02:25:00,"1,003383994074885",-11,0
2023-09-01 02:26:00,"1,003383994074885",-11,0
2023-09-01 02:27:00,"1,0042648602025452",-11,0
2023-09-01 02:28:00,"1,0047048101185607",-11,0
2023-09-01 02:29:00,"1,0048697129811024",-11,0
2023-09-01 02:30:00,"1,0047047273401806",-11,0
2023-09-01 02:31:00,"1,004374558330124",-11,0
2023-09-01 02:32:00,"1,0040443486293067",-11,0
2023-09-01 02:33:00,"1,00404429432969",-11,0
2023-09-01 02:34:00,"1,002120196209906",-11,0
2023-09-01 02:35:00,"1,0020633951751348",-11,0
2023-09-01 02:36:00,"1,0029442602006404",-11,0
2023-09-01 02:37:00,"1,003384090474001",-11,0
2023-09-01 02:38:00,"1,0033839940748897",-11,0
2023-09-01 02:39:00,"1,003383994074885",-11,0
2023-09-01 02:40:00,"1,0033859459305428",-11,0
2023-09-01 02:41:00,"1,0033839940767837",-11,0
2023-09-01 02:42:00,"1,003218902792703",-11,0
2023-09-01 02:43:00,"1,0025037693316183",-11,0
2023-09-01 02:44:00,"1,002063371131596",-11,0
2023-09-01 02:45:00,"1,0023385663834214",-11,0
2023-09-01 02:46:00,"1,002393485592494",-11,0
2023-09-01 02:47:00,"1,0023934840880346",-11,0
2023-09-01 02:48:00,"1,0023934840880349",-11,0
2023-09-01 02:49:00,"1,0023934840880346",-11,0
2023-09-01 02:50:00,"1,0023934840880349",-11,0
2023-09-01 02:51:00,"1,0023934840880349",-11,0
2023-09-01 02:52:00,"1,002118386807028",-11,0
2023-09-01 02:53:00,"1,00162327602769",-11,0
2023-09-01 02:54:00,"1,001073034798879",-11,0
2023-09-01 02:55:00,"1,0012929680810263",-11,0
2023-09-01 02:56:00,"1,0017332806030652",-11,0
2023-09-01 02:57:00,"1,0012381108893804",-11,0
2023-09-01 02:58:00,"1,000742796423549",-11,0
2023-09-01 02:59:00,"1,0018438190175138",-11,0
2023-09-01 03:00:00,"1,0019562816191578",-11,0
2023-09-01 03:01:00,"1,001403126876917",-11,0
2023-09-01 03:02:00,"1,0020634919480262",-11,0
2023-09-01 03:03:00,"1,0020083203924066",-11,0
2023-09-01 03:04:00,"1,0017332216074315",-11,0
2023-09-01 03:05:00,"1,0005782355914703",-11,0
2023-09-01 03:06:00,"0,9988731393645037",-10,0
2023-09-01 03:07:00,"0,9984316013763056",-10,0
2023-09-01 03:08:00,"0,9984315037452836",-10,0
2023-09-01 03:09:00,"0,9985965626480228",-10,0
2023-09-01 03:10:00,"0,9981014168311096",-10,0
2023-09-01 03:11:00,"0,9981012940132397",-10,0
2023-09-01 03:12:00,"0,9981012940132321",-10,0
2023-09-01 03:13:00,"0,998101294013232",-10,0
2023-09-01 03:14:00,"0,998156370224499",-10,0
2023-09-01 03:15:00,"0,9984315416644146",-10,0
2023-09-01 03:16:00,"0,9984315037452797",-10,0
2023-09-01 03:17:00,"0,9984315037452786",-10,0
2023-09-01 03:18:00,"0,9984315037452787",-10,0
2023-09-01 03:19:00,"0,9984315037452789",-10,0
2023-09-01 03:20:00,"0,9984627017024483",-10,0
2023-09-01 03:21:00,"0,9984315042326841",-10,0
2023-09-01 03:22:00,"0,9974963875599827",-10,0
2023-09-01 03:23:00,"0,9967808906935459",-10,0
2023-09-01 03:24:00,"0,9967806338990132",-10,0
2023-09-01 03:25:00,"0,9967806338989802",-10,0
2023-09-01 03:26:00,"0,9974411528560798",-10,0
2023-09-01 03:27:00,"0,997275902583528",-10,0
2023-09-01 03:28:00,"0,9971108572904652",-10,0
2023-09-01 03:29:00,"0,9971108436310269",-10,0
2023-09-01 03:30:00,"0,9968907479744707",-10,0
2023-09-01 03:31:00,"0,9964505809901395",-10,0
2023-09-01 03:32:00,"0,9956803916204909",-10,0
2023-09-01 03:33:00,"0,9951299758773986",-10,0
2023-09-01 03:34:00,"0,9951298236573379",-10,0
2023-09-01 03:35:00,"0,9951298236573263",-10,0
2023-09-01 03:36:00,"0,9950197399679664",-10,0
2023-09-01 03:37:00,"0,9947996382742814",-10,0
2023-09-01 03:38:00,"0,9949096501818029",-10,0
2023-09-01 03:39:00,"0,9954601259875276",-10,0
2023-09-01 03:40:00,"0,99581880094752",-10,0
2023-09-01 03:41:00,"0,9957900647221163",-10,0
2023-09-01 03:42:00,"0,9954600284950688",-10,0
2023-09-01 03:43:00,"0,9948548131024363",-10,0
2023-09-01 03:44:00,"0,994139570964018",-10,0
2023-09-01 03:45:00,"0,9938091588645476",-10,0
2023-09-01 03:46:00,"0,9934790086683293",-10,0
2023-09-01 03:47:00,"0,9934789538110295",-10,0
2023-09-01 03:48:00,"0,9934789538110277",-10,0
2023-09-01 03:49:00,"0,993148858540906",-10,0
2023-09-01 03:50:00,"0,9928187084499752",-10,0
2023-09-01 03:51:00,"0,9928186535562254",-10,0
2023-09-01 03:52:00,"0,9928186535562241",-10,0
2023-09-01 03:53:00,"0,9931488585773904",-10,0
2023-09-01 03:54:00,"0,9934790086682944",-10,0
2023-09-01 03:55:00,"0,9934789538110291",-10,0
2023-09-01 03:56:00,"0,9928188134203173",-10,0
2023-09-01 03:57:00,"0,9925984984487424",-10,0
2023-09-01 03:58:00,"0,9913885823650342",-10,0
2023-09-01 03:59:00,"0,9908377271016124",-10,0
2023-09-01 04:00:00,"1,002401345062061",-11,0
2023-09-01 04:01:00,"1,0023934841188582",-11,0
2023-09-01 04:02:00,"1,0023934840880349",-11,0
2023-09-01 04:03:00,"1,0023934840880349",-11,0
2023-09-01 04:04:00,"1,0023934840880349",-11,0
2023-09-01 04:05:00,"1,0005792138173055",-11,0
2023-09-01 04:06:00,"0,9999724678880766",-10,0
2023-09-01 04:07:00,"0,9976088390896931",-10,0
2023-09-01 04:08:00,"0,9971109679279792",-10,0
2023-09-01 04:09:00,"0,9971108436310344",-10,0
2023-09-01 04:10:00,"0,9960658071599232",-10,0
2023-09-01 04:11:00,"0,9954600984582206",-10,0
2023-09-01 04:12:00,"0,9954599141801005",-10,0
2023-09-01 04:13:00,"0,9954599141800834",-10,0
2023-09-01 04:14:00,"0,9951298783856743",-10,0
2023-09-01 04:15:00,"0,995129823657328",-10,0
2023-09-01 04:16:00,"0,9951298236573264",-10,0
2023-09-01 04:17:00,"0,995129823657326",-10,0
2023-09-01 04:18:00,"0,994634691902851",-10,0
2023-09-01 04:19:00,"0,9943594121233914",-10,0
2023-09-01 04:20:00,"0,9936775557235816",-10,0
2023-09-01 04:21:00,"0,9922693231561598",-10,0
2023-09-01 04:22:00,"0,992158240310594",-10,0
2023-09-01 04:23:00,"0,9919381385582371",-10,0
2023-09-01 04:24:00,"0,9914979719366971",-10,0
2023-09-01 04:25:00,"0,9958547288199121",-10,0
2023-09-01 04:26:00,"1,0024149507333295",-11,0
2023-09-01 04:27:00,"1,0023934843178883",-11,0
2023-09-01 04:28:00,"1,0023934840880349",-11,0
2023-09-01 04:29:00,"1,0023934840880349",-11,0
2023-09-01 04:30:00,"1,0023934840880349",-11,0
2023-09-01 04:31:00,"1,0017334013109147",-11,0
2023-09-01 04:32:00,"1,0004133350422049",-11,0
2023-09-01 04:33:00,"0,99975232277764",-10,0
2023-09-01 04:34:00,"0,9997521042549101",-10,0
2023-09-01 04:35:00,"0,999752104254886",-10,0
2023-09-01 04:36:00,"0,99909202205235",-10,0
2023-09-01 04:37:00,"0,9987617084937872",-10,0
2023-09-01 04:38:00,"0,9974968108364528",-10,0
2023-09-01 04:39:00,"0,9971108587217073",-10,0
2023-09-01 04:40:00,"0,9977954022820263",-10,0
2023-09-01 04:41:00,"0,9981564339973258",-10,0
2023-09-01 04:42:00,"0,9984314820257671",-10,0
2023-09-01 04:43:00,"0,998431444140635",-10,0
2023-09-01 04:44:00,"0,9979363119786312",-10,0
2023-09-01 04:45:00,"0,9962317624543846",-10,0
2023-09-01 04:46:00,"0,9957901622250883",-10,0
2023-09-01 04:47:00,"0,99579006430749",-10,0
2023-09-01 04:48:00,"0,9956250327236577",-10,0
2023-09-01 04:49:00,"0,9954049234288338",-10,0
2023-09-01 04:50:00,"0,9951298020837784",-10,0
2023-09-01 04:51:00,"0,9951297640526823",-10,0
2023-09-01 04:52:00,"0,9951297640526816",-10,0
2023-09-01 04:53:00,"0,9956502605365658",97692854,21588
2023-09-01 04:54:00,"0,9957197800065852",103487840,74
2023-09-01 04:55:00,"0,9957316807074545",109432214,1340360
2023-09-01 04:56:00,"0,9957590108949588",119121723,216
2023-09-01 04:57:00,"0,9954479638405784",126671129,131
2023-09-01 04:58:00,"0,9954625406757075",134269510,1973040
2023-09-01 04:59:00,"0,9954901389618177",143496805,201
2023-09-01 05:00:00,"0,9955109914918958",152958752,1363295
2023-09-01 05:01:00,"0,9955385666231218",162794394,222
2023-09-01 05:02:00,"0,9955605869985374",171570057,174
2023-09-01 05:03:00,"0,9955814021045448",181088557,1363540
2023-09-01 05:04:00,"0,9947874580791847",193128400,1109410
2023-09-01 05:05:00,"0,9934520355862976",207636393,0
2023-09-01 05:06:00,"0,9917170559687072",220372366,3412769
2023-09-01 05:07:00,"0,9910856079781039",230516177,1490833
2023-09-01 05:08:00,"0,9911059843750419",237352252,111
2023-09-01 05:09:00,"0,9911164042033592",241487741,38
2023-09-01 05:10:00,"0,9923387567527924",246170821,43
2023-09-01 05:11:00,"1,0024151458572514",254879695,1763314
2023-09-01 05:12:00,"1,0023816669157126",265631821,6138149
2023-09-01 05:13:00,"1,0024269985803844",276980604,1498206
2023-09-01 05:14:00,"1,0026672293005248",285059703,1525206
2023-09-01 05:15:00,"1,0026175426630128",290691657,2401689
2023-09-01 05:16:00,"1,0021394733352196",295269087,0
2023-09-01 05:17:00,"1,002978277971078",300806708,63
2023-09-01 05:18:00,"1,0031061150741172",308080484,116
2023-09-01 05:19:00,"1,0031808120834356",316031876,140
2023-09-01 05:20:00,"1,0024267206659436",322310614,9
2023-09-01 05:21:00,"1,0015569294707962",326160777,43
2023-09-01 05:22:00,"1,0009012402859077",327862316,10
2023-09-01 05:23:00,"1,0008983785825851",326802296,2
2023-09-01 05:24:00,"1,0011137445170406",324981799,8
2023-09-01 05:25:00,"1,0012178586962888",322652041,12
2023-09-01 05:26:00,"1,0008826316710626",320466914,9
2023-09-01 05:27:00,"1,0004408359916608",319709381,0
2023-09-01 05:28:00,"1,0141239741411108",328002327,62212639
2023-09-01 05:29:00,"1,0115980491358063",333181279,56112877
2023-09-01 05:30:00,"1,0109385971180944",338446829,51660792
2023-09-01 05:31:00,"1,011413552791994",344206823,61209560
2023-09-01 05:32:00,"1,011652472560148",351571055,61674300
2023-09-01 05:33:00,"1,0118691022852395",363153803,72146318
2023-09-01 05:34:00,"1,0120918817737476",377648823,82157708
2023-09-01 05:35:00,"1,0121415626776369",394684418,85637342
2023-09-01 05:36:00,"1,012511934877362",411152306,85629049
2023-09-01 05:37:00,"1,012772068567558",422887926,90833740
2023-09-01 05:38:00,"1,0132184967774054",424204800,92423934
2023-09-01 05:39:00,"1,013072468173074",416718010,84444075
2023-09-01 05:40:00,"1,012514172138819",414217638,83248980
2023-09-01 05:41:00,"1,012528500988726",419642324,83684278
2023-09-01 05:42:00,"1,0130263077385966",429376105,99128482
2023-09-01 05:43:00,"1,013229682707707",435342653,85106925
2023-09-01 05:44:00,"1,0131529778898307",439095929,95942017
2023-09-01 05:45:00,"1,0142817690406158",439394594,108890511
2023-09-01 05:46:00,"1,014258684519512",434910957,103697822
2023-09-01 05:47:00,"1,0144117349027493",430670324,103067573
2023-09-01 05:48:00,"1,0142244158191174",422980659,101460785
2023-09-01 05:49:00,"1,0135363762356528",417225801,94783150
2023-09-01 05:50:00,"1,0139779180632431",420575537,91981621
2023-09-01 05:51:00,"1,0142504893582909",437461190,97077532
2023-09-01 05:52:00,"1,0143155364174858",463050000,98046415
2023-09-01 05:53:00,"1,014209253874497",481586675,103919357
2023-09-01 05:54:00,"1,0140648682883693",490604708,103136378
2023-09-01 05:55:00,"1,0140792075933087",493152503,106799951
2023-09-01 05:56:00,"1,0138640323048391",490253588,112121080
2023-09-01 05:57:00,"1,0136337443449213",482220450,116275386
2023-09-01 05:58:00,"1,013046601741875",470979553,111698865
2023-09-01 05:59:00,"1,0137851307906516",458871177,111232209
2023-09-01 06:00:00,"1,0143087251409115",449270623,110315717
2023-09-01 06:01:00,"1,0143240692137734",446789611,120034377
2023-09-01 06:02:00,"1,0147099332580212",451544365,115346715
2023-09-01 06:03:00,"1,0161897774284323",460426442,128330639
2023-09-01 06:04:00,"1,0163667357530677",471972263,121418524
2023-09-01 06:05:00,"1,01507640391178",487003933,117036635
2023-09-01 06:06:00,"1,0137930838827014",502611714,115590961
2023-09-01 06:07:00,"1,0131925930689836",523945229,118733046
2023-09-01 06:08:00,"1,0134063455322135",556824402,129192779
2023-09-01 06:09:00,"1,0140906930558409",600401481,141796111
2023-09-01 06:10:00,"1,0142636634190827",647360856,167947726
2023-09-01 06:11:00,"1,0148152379987163",686597941,175124958
2023-09-01 06:12:00,"1,015114517507521",712947895,181977683
2023-09-01 06:13:00,"1,0148620702968956",724392052,179225796
2023-09-01 06:14:00,"1,0145074195605372",728280475,188301813
2023-09-01 06:15:00,"1,0145291292230822",736808777,188682282
2023-09-01 06:16:00,"1,0149323417378773",754344818,202608546
2023-09-01 06:17:00,"1,0150028842240453",773023380,213837860
2023-09-01 06:18:00,"1,0153091484375687",786566181,213188577
2023-09-01 06:19:00,"1,0158774198237703",802066744,229656808
2023-09-01 06:20:00,"1,0161495845730653",826390475,226509913
2023-09-01 06:21:00,"1,0162522712699644",858386336,237539064
2023-09-01 06:22:00,"1,0162302045986669",895563351,260919819
2023-09-01 06:23:00,"1,0161537938589924",932623500,259742928
2023-09-01 06:24:00,"1,0162374486145471",953436803,274593659
2023-09-01 06:25:00,"1,0164922560871952",1026913016,308631118
2023-09-01 06:26:00,"1,0161852573217107",842651874,249544257
2023-09-01 06:27:00,"1,0160649170636653",783806296,235518047
2023-09-01 06:28:00,"1,016039670399946",774763678,234120743
2023-09-01 06:29:00,"1,016150497001442",793616432,238517147
2023-09-01 06:30:00,"1,0165683598023072",835184415,257410059
2023-09-01 06:31:00,"1,0173490719295255",866114246,278444591
2023-09-01 06:32:00,"1,017972977461555",862041949,267286692
2023-09-01 06:33:00,"1,0182428150798497",898482640,274704825
2023-09-01 06:34:00,"1,0182457160898075",992271385,296559547
2023-09-01 06:35:00,"1,0182017972144266",1093480625,338717693
2023-09-01 06:36:00,"1,018280644362026",1270283056,402630443
2023-09-01 06:37:00,"1,0214832133207383",-2147483648,787868525
2023-09-01 06:38:00,"1,0218766450866086",-2147483648,944143984
2023-09-01 06:39:00,"1,021192146579144",-2147483648,905573761
2023-09-01 06:40:00,"1,0193408011236735",1881618191,656278418
2023-09-01 06:41:00,"1,0182559269473426",1521365408,561579490
2023-09-01 06:42:00,"1,0173381898654832",1214876862,409469313
2023-09-01 06:43:00,"1,0184377196089458",980452211,346435871
2023-09-01 06:44:00,"1,0128762943409473",858782923,124740863
2023-09-01 06:45:00,"1,0088211596061265",777318899,94678545
2023-09-01 06:46:00,"1,0091992767549167",729091309,71203183
2023-09-01 06:47:00,"1,0092469336553302",706425362,68476396
2023-09-01 06:48:00,"1,0087081202907957",691294644,40499345
2023-09-01 06:49:00,"1,0084653954788954",690799093,55450905
2023-09-01 06:50:00,"1,0082215781980468",714910229,42492970
2023-09-01 06:51:00,"1,0082761477093187",753465374,24178817
2023-09-01 06:52:00,"1,008373361868267",792080383,24989624
2023-09-01 06:53:00,"1,0084952620233107",835904733,31134133
2023-09-01 06:54:00,"1,0090098049894367",960573350,124299538
2023-09-01 06:55:00,"1,0095069461422046",1001661876,154251251
2023-09-01 06:56:00,"1,010749563813396",1315599552,217805579
2023-09-01 06:57:00,"1,0151375118845567",-2147483648,804661127
2023-09-01 06:58:00,"1,0111924001360275",-2147483648,579317828
2023-09-01 06:59:00,"1,009749287414898",1827355691,385545880
2023-09-01 07:00:00,"1,0125647422178614",2113966633,549678210
2023-09-01 07:01:00,"1,0111906059689502",1394708265,329287026
2023-09-01 07:02:00,"1,0102245065170683",984353074,200198561
2023-09-01 07:03:00,"1,0104937733257051",943868267,168599957
2023-09-01 07:04:00,"1,012372168700023",1393618158,270015464
2023-09-01 07:05:00,"1,0122559086231313",1460123020,292399204
2023-09-01 07:06:00,"1,0108350993077535",1191081225,221348164
2023-09-01 07:07:00,"1,0106935264574604",1163293389,213091088
2023-09-01 07:08:00,"1,0115042158706593",1271176756,261331358
2023-09-01 07:09:00,"1,013811973606188",1933033731,472754097
2023-09-01 07:10:00,"1,0129042123986085",1716170483,400962169
2023-09-01 07:11:00,"1,0131070312609476",1802845027,446316558
2023-09-01 07:12:00,"1,0120835041502412",1462086947,360954215
2023-09-01 07:13:00,"1,0130561609981852",1748609929,483450652
2023-09-01 07:14:00,"1,0159012333328834",-2147483648,755690288
2023-09-01 07:15:00,"1,017294583321778",-2147483648,832820103
2023-09-01 07:16:00,"1,0181825269050977",-2147483648,956159127
2023-09-01 07:17:00,"1,017177165560042",-2147483648,809512963
2023-09-01 07:18:00,"1,0175908068766175",-2147483648,822271670
2023-09-01 07:19:00,"1,016848033914203",-2147483648,910813394
2023-09-01 07:20:00,"1,016173073798034",-2147483648,868969400
2023-09-01 07:21:00,"1,0159604435186016",-2147483648,844415978
2023-09-01 07:22:00,"1,016080424544536",-2147483648,904284507
2023-09-01 07:23:00,"1,0161970563451668",-2147483648,923089742
2023-09-01 07:24:00,"1,0163825131694828",-2147483648,938769947
2023-09-01 07:25:00,"1,0159573589741957",-2147483648,969518898
2023-09-01 07:26:00,"1,0151635786746218",-2147483648,959833528
2023-09-01 07:27:00,"1,0150929102678428",-2147483648,984487984
2023-09-01 07:28:00,"1,015064605308344",-2147483648,958798084
2023-09-01 07:29:00,"1,0153308977309496",-2147483648,978688789
2023-09-01 07:30:00,"1,0160142650734418",-2147483648,1005978490
2023-09-01 07:31:00,"1,015721406757776",-2147483648,954885706
2023-09-01 07:32:00,"1,0144955715794866",-2147483648,965728202
2023-09-01 07:33:00,"1,0142237473112468",-2147483648,941339384
2023-09-01 07:34:00,"1,014536632569689",-2147483648,972329657
2023-09-01 07:35:00,"1,0140221685782695",-2147483648,989319562
2023-09-01 07:36:00,"1,01423539991166",-2147483648,1032385977
2023-09-01 07:37:00,"1,0146265519151283",-2147483648,1001922454
2023-09-01 07:38:00,"1,014866391000379",-2147483648,1007658690
2023-09-01 07:39:00,"1,0151655481063544",-2147483648,1042269668
2023-09-01 07:40:00,"1,0154622645720892",-2147483648,995253562
2023-09-01 07:41:00,"1,015506895740612",-2147483648,994797236
2023-09-01 07:42:00,"1,0151439098226092",-2147483648,999966835
2023-09-01 07:43:00,"1,015185419201015",-2147483648,1016214959
2023-09-01 07:44:00,"1,0152655423722654",-2147483648,1025237637
2023-09-01 07:45:00,"1,015556799758192",-2147483648,1026586398
2023-09-01 07:46:00,"1,0153226601232654",-2147483648,1007582730
2023-09-01 07:47:00,"1,0152200073179345",-2147483648,995557277
2023-09-01 07:48:00,"1,0146428894294393",-2147483648,1012052992
2023-09-01 07:49:00,"1,0147318582493692",-2147483648,1030618220
2023-09-01 07:50:00,"1,0154453278954512",-2147483648,1083434529
2023-09-01 07:51:00,"1,0161482590432924",-2147483648,1133706993
2023-09-01 07:52:00,"1,0163030545217555",-2147483648,1085662591
2023-09-01 07:53:00,"1,0164958030175073",-2147483648,1128940073
2023-09-01 07:54:00,"1,0175001254065392",-2147483648,1185458363
2023-09-01 07:55:00,"1,0180600612693194",-2147483648,1204983547
2023-09-01 07:56:00,"1,0183317246985464",-2147483648,1241556410
2023-09-01 07:57:00,"1,0185899962902862",-2147483648,1272788723
2023-09-01 07:58:00,"1,0185433197733986",-2147483648,1316420566
2023-09-01 07:59:00,"1,0180048710056977",-2147483648,1327183883
2023-09-01 08:00:00,"1,017785492609655",-2147483648,1285266911
2023-09-01 08:01:00,"1,017141693456304",-2147483648,1253981686
2023-09-01 08:02:00,"1,0168872889888614",-2147483648,1285174210
2023-09-01 08:03:00,"1,0168906086071907",-2147483648,1323447716
2023-09-01 08:04:00,"1,0171100355112053",-2147483648,1348273354
2023-09-01 08:05:00,"1,0171698281651156",-2147483648,1332709788
2023-09-01 08:06:00,"1,0167301580571133",-2147483648,1352635285
2023-09-01 08:07:00,"1,0164334970705775",-2147483648,1310945241
2023-09-01 08:08:00,"1,01601269289567",-2147483648,1285629134
2023-09-01 08:09:00,"1,016120770713606",-2147483648,1324719598
2023-09-01 08:10:00,"1,016111082082643",-2147483648,1349759088
2023-09-01 08:11:00,"1,0160529810402932",-2147483648,1351209711
2023-09-01 08:12:00,"1,016120278086272",-2147483648,1316384698
2023-09-01 08:13:00,"1,015599093210462",-2147483648,1135842749
2023-09-01 08:14:00,"1,0168055529616993",-2147483648,1250381396
2023-09-01 08:15:00,"1,0162738186055953",-2147483648,1165938165
2023-09-01 08:16:00,"1,0169669520866411",-2147483648,1171621828
2023-09-01 08:17:00,"1,016552525429342",-2147483648,1208761043
2023-09-01 08:18:00,"1,0154833329748605",-2147483648,1239922442
2023-09-01 08:19:00,"1,0155187405018264",-2147483648,1231359220
2023-09-01 08:20:00,"1,015622495362852",-2147483648,1249149802
2023-09-01 08:21:00,"1,0154454419195285",-2147483648,1238751590
2023-09-01 08:22:00,"1,0150923942133687",-2147483648,1241729083
2023-09-01 08:23:00,"1,0153246420008484",-2147483648,1287513864
2023-09-01 08:24:00,"1,0157100384295228",-2147483648,1375317917
2023-09-01 08:25:00,"1,0159125499693025",-2147483648,1366289256
2023-09-01 08:26:00,"1,016524303124939",-2147483648,1428949332
2023-09-01 08:27:00,"1,0169685336269787",-2147483648,1466722667
2023-09-01 08:28:00,"1,0174328950216174",-2147483648,1570526798
2023-09-01 08:29:00,"1,0177464208613534",-2147483648,1630848461
2023-09-01 08:30:00,"1,0178160242786431",-2147483648,1658801258
2023-09-01 08:31:00,"1,017807694248462",-2147483648,1653273059
2023-09-01 08:32:00,"1,0173018451171096",-2147483648,1607237754
2023-09-01 08:33:00,"1,0170898270897828",-2147483648,1609042076
2023-09-01 08:34:00,"1,017109875348317",-2147483648,1626483408
2023-09-01 08:35:00,"1,0173319108890715",-2147483648,1626836299
2023-09-01 08:36:00,"1,0173995607247626",-2147483648,1546209545
2023-09-01 08:37:00,"1,017476157976491",-2147483648,1575885874
2023-09-01 08:38:00,"1,0135731586915475",-2147483648,1097857639
2023-09-01 08:39:00,"1,0142137526749873",-2147483648,1031207258
2023-09-01 08:40:00,"1,016116642279676",-2147483648,1134291938
2023-09-01 08:41:00,"1,0176569637371258",-2147483648,1372429497
2023-09-01 08:42:00,"1,0179378895661308",-2147483648,1475126018
2023-09-01 08:43:00,"1,0161403707130745",-2147483648,1239476432
2023-09-01 08:44:00,"1,0120180729668606",-2147483648,639120700
2023-09-01 08:45:00,"1,016296174793848",-2147483648,1162073217
2023-09-01 08:46:00,"1,016858474139916",-2147483648,1560303101
2023-09-01 08:47:00,"1,016286430380934",-2147483648,1508951116
2023-09-01 08:48:00,"1,0156975614935912",-2147483648,1550871892
2023-09-01 08:49:00,"1,015722913426028",-2147483648,1567311092
2023-09-01 08:50:00,"1,0158512099976578",-2147483648,1581287357
2023-09-01 08:51:00,"1,0159036838947326",-2147483648,1542714809
2023-09-01 08:52:00,"1,0140998585335803",-2147483648,1379025116
2023-09-01 08:53:00,"1,0128826332312153",-2147483648,1037497189
2023-09-01 08:54:00,"1,0122732666319958",-2147483648,659087841
2023-09-01 08:55:00,"1,0117395681937429",-2147483648,597498833
2023-09-01 08:56:00,"1,0123682851518994",-2147483648,653983267
2023-09-01 08:57:00,"1,0154531374730589",-2147483648,949107898
2023-09-01 08:58:00,"1,014917314561552",-2147483648,1011540629
2023-09-01 08:59:00,"1,014961640609949",-2147483648,1090056932
2023-09-01 09:00:00,"1,016872747946956",-2147483648,1395007502
2023-09-01 09:01:00,"1,0169289688116512",-2147483648,1508798284
2023-09-01 09:02:00,"1,0155394318398074",-2147483648,1470302699
2023-09-01 09:03:00,"1,011764178737251",-2147483648,1025563871
2023-09-01 09:04:00,"1,0121211604534477",-2147483648,1032080716
2023-09-01 09:05:00,"1,0138027564595118",-2147483648,1248728911
2023-09-01 09:06:00,"1,0138695023570083",-2147483648,1265015088
2023-09-01 09:07:00,"1,0145572786043129",-2147483648,1461456523
2023-09-01 09:08:00,"1,0138268346884065",-2147483648,1387151919
2023-09-01 09:09:00,"1,0125329253447697",-2147483648,1182607188
2023-09-01 09:10:00,"1,014812229739238",-2147483648,1444983647
2023-09-01 09:11:00,"1,0145472412420609",-2147483648,1424252055
2023-09-01 09:12:00,"1,0135888423950028",-2147483648,1388750660
2023-09-01 09:13:00,"1,0146315280773786",-2147483648,1526329994
2023-09-01 09:14:00,"1,0152050714969516",-2147483648,1583594319
2023-09-01 09:15:00,"1,0143680776492985",-2147483648,1434186405
2023-09-01 09:16:00,"1,0148349019032874",-2147483648,1428404976
2023-09-01 09:17:00,"1,0160050263345657",-2147483648,1552727122
2023-09-01 09:18:00,"1,0166980337584328",-2147483648,1639229365
2023-09-01 09:19:00,"1,0168326676300097",-2147483648,1655561572
2023-09-01 09:20:00,"1,0170924017669278",-2147483648,1611215629
2023-09-01 09:21:00,"1,0170659564185067",-2147483648,1594464964
2023-09-01 09:22:00,"1,0168710389437745",-2147483648,1609088166
2023-09-01 09:23:00,"1,0167295085478982",-2147483648,1587419052
2023-09-01 09:24:00,"1,0167615242919954",-2147483648,1609626064
2023-09-01 09:25:00,"1,0159678236848948",-2147483648,1586092785
2023-09-01 09:26:00,"1,0157963164971533",-2147483648,1615906640
2023-09-01 09:27:00,"1,0159474224417255",-2147483648,1609452082
2023-09-01 09:28:00,"1,0161535747841075",-2147483648,1636347764
2023-09-01 09:29:00,"1,016474005997413",-2147483648,1637170836
2023-09-01 09:30:00,"1,0169268449117266",-2147483648,1647110554
2023-09-01 09:31:00,"1,0171645885310292",-2147483648,1662651666
2023-09-01 09:32:00,"1,0171602100204675",-2147483648,1656757579
2023-09-01 09:33:00,"1,0171344141958278",-2147483648,1640307947
2023-09-01 09:34:00,"1,0171071996315544",-2147483648,1622825751
2023-09-01 09:35:00,"1,01698731227816",-2147483648,1544438842
2023-09-01 09:36:00,"1,017035149639467",-2147483648,1575293419
2023-09-01 09:37:00,"1,017122233351925",-2147483648,1633998956
2023-09-01 09:38:00,"1,016598877562093",-2147483648,1575132894
2023-09-01 09:39:00,"1,015728296742219",-2147483648,1570417375
2023-09-01 09:40:00,"1,015755623830217",-2147483648,1586819137
2023-09-01 09:41:00,"1,0156075414858483",-2147483648,1564204638
2023-09-01 09:42:00,"1,0150854751401357",-2147483648,1578228112
2023-09-01 09:43:00,"1,0150590046143626",-2147483648,1559711229
2023-09-01 09:44:00,"1,0154915555944728",-2147483648,1561170320
2023-09-01 09:45:00,"1,015999748576908",-2147483648,1573073687
2023-09-01 09:46:00,"1,0162299960591767",-2147483648,1581624459
2023-09-01 09:47:00,"1,0162931929164247",-2147483648,1588849713
2023-09-01 09:48:00,"1,0157581763129375",-2147483648,1591839084
2023-09-01 09:49:00,"1,015976089885992",-2147483648,1593124015
2023-09-01 09:50:00,"1,0163434820287771",-2147483648,1551487459
2023-09-01 09:51:00,"1,0163300182349155",-2147483648,1542117454
2023-09-01 09:52:00,"1,0163970405284417",-2147483648,1585561364
2023-09-01 09:53:00,"1,0158572865150504",-2147483648,1622112960
2023-09-01 09:54:00,"1,0157806331399106",-2147483648,1607400312
2023-09-01 09:55:00,"1,0161603194220994",-2147483648,1643932288
2023-09-01 09:56:00,"1,0171204085198773",-2147483648,1633821806
2023-09-01 09:57:00,"1,0171479861430397",-2147483648,1650420698
2023-09-01 09:58:00,"1,0175741072667457",-2147483648,1645201090
2023-09-01 09:59:00,"1,0176685471932194",-2147483648,1673316481
2023-09-01 10:00:00,"1,0174986478981414",-2147483648,1668430703
2023-09-01 10:01:00,"1,0176994082411344",-2147483648,1735733831
2023-09-01 10:02:00,"1,0189005497821828",-2147483648,1739379617
2023-09-01 10:03:00,"1,018911452807704",-2147483648,1747895413
2023-09-01 10:04:00,"1,0188265177269369",-2147483648,1688022172
2023-09-01 10:05:00,"1,0188411044094974",-2147483648,1696595718
2023-09-01 10:06:00,"1,0188435688941375",-2147483648,1698069696
2023-09-01 10:07:00,"1,0185603850527798",-2147483648,1728993094
2023-09-01 10:08:00,"1,0189145346545494",-2147483648,1749992434
2023-09-01 10:09:00,"1,0188977120447436",-2147483648,1737375776
2023-09-01 10:10:00,"1,01878831529595",-2147483648,1726751878
2023-09-01 10:11:00,"1,018565892079434",-2147483648,1682580184
2023-09-01 10:12:00,"1,0189166196941375",-2147483648,1699786211
2023-09-01 10:13:00,"1,0192026945213637",-2147483648,1727280421
2023-09-01 10:14:00,"1,0192303745919893",-2147483648,1741893171
2023-09-01 10:15:00,"1,0192086093617438",-2147483648,1727181596
2023-09-01 10:16:00,"1,0190663612800377",-2147483648,1701559082
2023-09-01 10:17:00,"1,0185510322396398",-2147483648,1722289448
2023-09-01 10:18:00,"1,0185542616384715",-2147483648,1723763828
2023-09-01 10:19:00,"1,0186596359901123",-2147483648,1723052768
2023-09-01 10:20:00,"1,0187033656892093",-2147483648,1714625372
2023-09-01 10:21:00,"1,0185498439443188",-2147483648,1721003378
2023-09-01 10:22:00,"1,0185449844553822",-2147483648,1717523723
2023-09-01 10:23:00,"1,0185360850916223",-2147483648,1710306658
2023-09-01 10:24:00,"1,018537950854716",-2147483648,1712941787
2023-09-01 10:25:00,"1,018485758746046",-2147483648,1677244521
2023-09-01 10:26:00,"1,018564043085213",-2147483648,1730868728
2023-09-01 10:27:00,"1,0186033487897093",-2147483648,1758325025
2023-09-01 10:28:00,"1,019572197161726",-2147483648,1754759234
2023-09-01 10:29:00,"1,0194376857484877",-2147483648,1735216963
2023-09-01 10:30:00,"1,0188903050135945",-2147483648,1730690167
2023-09-01 10:31:00,"1,0188357127812282",-2147483648,1692938807
2023-09-01 10:32:00,"1,0188679544779953",-2147483648,1716086629
2023-09-01 10:33:00,"1,019185791794489",-2147483648,1712602659
2023-09-01 10:34:00,"1,0188730203925973",-2147483648,1681579509
2023-09-01 10:35:00,"1,0181199599670296",-2147483648,1647568608
2023-09-01 10:36:00,"1,0178591443928762",-2147483648,1699145445
2023-09-01 10:37:00,"1,0178465599988276",-2147483648,1685301493
2023-09-01 10:38:00,"1,0182002693428185",-2147483648,1705039137
2023-09-01 10:39:00,"1,018575131141698",-2147483648,1740328586
2023-09-01 10:40:00,"1,0188052850046707",-2147483648,1745185453
2023-09-01 10:41:00,"1,0192000819917488",-2147483648,1720436710
2023-09-01 10:42:00,"1,0192111310616132",-2147483648,1727898372
2023-09-01 10:43:00,"1,0192221206341818",-2147483648,1734024013
2023-09-01 10:44:00,"1,0195830782604005",-2147483648,1760892944
2023-09-01 10:45:00,"1,019532616209442",-2147483648,1765307235
2023-09-01 10:46:00,"1,0192619446345086",-2147483648,1763913913
2023-09-01 10:47:00,"1,0192402731905814",-2147483648,1747682870
2023-09-01 10:48:00,"1,0193686961397332",-2147483648,1763920242
2023-09-01 10:49:00,"1,019878285098379",-2147483648,1740683275
2023-09-01 10:50:00,"1,019906714221866",-2147483648,1760484090
2023-09-01 10:51:00,"1,0198377782920758",-2147483648,1751633704
2023-09-01 10:52:00,"1,0195421143595027",-2147483648,1732967992
2023-09-01 10:53:00,"1,0195686386319982",-2147483648,1767387937
2023-09-01 10:54:00,"1,0195720349331383",-2147483648,1755605969
2023-09-01 10:55:00,"1,019622735726057",-2147483648,1792409530
2023-09-01 10:56:00,"1,0196447213360325",-2147483648,1809310079
2023-09-01 10:57:00,"1,0198742471710427",-2147483648,1740502668
2023-09-01 10:58:00,"1,0197425125863349",-2147483648,1723082321
2023-09-01 10:59:00,"1,0191671497924173",-2147483648,1700137722
2023-09-01 11:00:00,"1,0189206462033598",-2147483648,1715086294
2023-09-01 11:01:00,"1,0180924759270813",-2147483648,1633189863
2023-09-01 11:02:00,"1,0162975559311282",-2147483648,1544971196
2023-09-01 11:03:00,"1,0155016987991423",-2147483648,1568764775
2023-09-01 11:04:00,"1,015365535693918",-2147483648,1548649781
2023-09-01 11:05:00,"1,0145536415302507",-2147483648,1550696735
2023-09-01 11:06:00,"1,0143226927367164",-2147483648,1508567931
2023-09-01 11:07:00,"1,0138011759854169",-2147483648,1459496064
2023-09-01 11:08:00,"1,0131679239201028",-2147483648,1423519305
2023-09-01 11:09:00,"1,0127949369887137",-2147483648,1401203798
2023-09-01 11:10:00,"1,0122395080642168",-2147483648,1402133617
2023-09-01 11:11:00,"1,0114338384097985",-2147483648,1381693296
2023-09-01 11:12:00,"1,011076397017567",-2147483648,1371903231
2023-09-01 11:13:00,"1,0108344320005342",-2147483648,1405668380
2023-09-01 11:14:00,"1,0111383769973985",-2147483648,1430782201
2023-09-01 11:15:00,"1,012445974629555",-2147483648,1468505902
2023-09-01 11:16:00,"1,013055840230523",-2147483648,1484644073
2023-09-01 11:17:00,"1,0135236374969645",-2147483648,1462264979
2023-09-01 11:18:00,"1,0136033830997724",-2147483648,1496680851
2023-09-01 11:19:00,"1,0133188877379946",-2147483648,1516538227
2023-09-01 11:20:00,"1,0134676580170727",-2147483648,1587281471
2023-09-01 11:21:00,"1,0150830963272348",-2147483648,1583608322
2023-09-01 11:22:00,"1,0160622484586732",-2147483648,1581030091
2023-09-01 11:23:00,"1,0155328421774923",-2147483648,1589421069
2023-09-01 11:24:00,"1,0154515945936853",-2147483648,1609436126
2023-09-01 11:25:00,"1,0154353862192955",-2147483648,1597895593
2023-09-01 11:26:00,"1,015717397469855",-2147483648,1604858526
2023-09-01 11:27:00,"1,0157389537391155",-2147483648,1588406864
2023-09-01 11:28:00,"1,0156637755842433",-2147483648,1562566306
2023-09-01 11:29:00,"1,015630268653824",-2147483648,1545947688
2023-09-01 11:30:00,"1,0155944167070965",-2147483648,1531343933
2023-09-01 11:31:00,"1,0143523713521525",-2147483648,1491603473
2023-09-01 11:32:00,"1,0120478496024796",-2147483648,1199450379
2023-09-01 11:33:00,"1,0108405980842177",-2147483648,934864704
2023-09-01 11:34:00,"1,014602018642876",-2147483648,1317431709
2023-09-01 11:35:00,"1,0154478001747815",-2147483648,1410206089
2023-09-01 11:36:00,"1,0148588072046782",-2147483648,1383905339
2023-09-01 11:37:00,"1,0159307478227702",-2147483648,1524417716
2023-09-01 11:38:00,"1,0164653282350211",-2147483648,1631839500
2023-09-01 11:39:00,"1,0164865463590531",-2147483648,1649245212
2023-09-01 11:40:00,"1,0163997965292086",-2147483648,1595508699
2023-09-01 11:41:00,"1,0164327621236808",-2147483648,1615762304
2023-09-01 11:42:00,"1,016424349706454",-2147483648,1615295907
2023-09-01 11:43:00,"1,0163054184549385",-2147483648,1595885799
2023-09-01 11:44:00,"1,0164101611637395",-2147483648,1622140423
2023-09-01 11:45:00,"1,0171044490928416",-2147483648,1647242042
2023-09-01 11:46:00,"1,0168270636276526",-2147483648,1577999169
2023-09-01 11:47:00,"1,0166153207979",-2147483648,1594161270
2023-09-01 11:48:00,"1,015530910140467",-2147483648,1568108591
2023-09-01 11:49:00,"1,015592941249997",-2147483648,1598800231
2023-09-01 11:50:00,"1,0162171241353242",-2147483648,1601590685
2023-09-01 11:51:00,"1,0164820250374471",-2147483648,1573091507
2023-09-01 11:52:00,"1,0164532597244738",-2147483648,1571472046
2023-09-01 11:53:00,"1,0164697990969285",-2147483648,1579287663
2023-09-01 11:54:00,"1,0165782988876613",-2147483648,1628661388
2023-09-01 11:55:00,"1,016685400898358",-2147483648,1643743988
2023-09-01 11:56:00,"1,0170933937247333",-2147483648,1608438597
2023-09-01 11:57:00,"1,0174438819284288",-2147483648,1653475977
2023-09-01 11:58:00,"1,0174825606502105",-2147483648,1623255876
2023-09-01 11:59:00,"1,0174772033880737",-2147483648,1624714406
2023-09-01 12:00:00,"1,0176255942625227",-2147483648,1690790380
2023-09-01 12:01:00,"1,0176267537443675",-2147483648,1645723560
2023-09-01 12:02:00,"1,0184541041221051",-2147483648,1703502802
2023-09-01 12:03:00,"1,019112795482344",-2147483648,1715366734
2023-09-01 12:04:00,"1,0194628039083735",-2147483648,1667640241
2023-09-01 12:05:00,"1,0186667631692654",-2147483648,1687472774
2023-09-01 12:06:00,"1,0190867522577034",-2147483648,1713940112
2023-09-01 12:07:00,"1,019972279516546",-2147483648,1718888855
2023-09-01 12:08:00,"1,0206795130891364",-2147483648,1793078504
2023-09-01 12:09:00,"1,0221689000545724",-2147483648,1851278332
2023-09-01 12:10:00,"1,023093840133231",-2147483648,1847624101
2023-09-01 12:11:00,"1,0226143186816654",-2147483648,1781477085
2023-09-01 12:12:00,"1,0217875288747282",-2147483648,1798500486
2023-09-01 12:13:00,"1,021223473969444",-2147483648,1749033663
2023-09-01 12:14:00,"1,0211351988106216",-2147483648,1790653055
2023-09-01 12:15:00,"1,0203496683283937",-2147483648,1808844207
2023-09-01 12:16:00,"1,0216269969136942",-2147483648,1806061940
2023-09-01 12:17:00,"1,0217861610960894",-2147483648,1738671388
2023-09-01 12:18:00,"1,0208860889891278",-2147483648,1707372799
2023-09-01 12:19:00,"1,0208321983098323",-2147483648,1765696599
2023-09-01 12:20:00,"1,0210569887034373",-2147483648,1772036278
2023-09-01 12:21:00,"1,0214696208410097",-2147483648,1766207778
2023-09-01 12:22:00,"1,0214928571471729",-2147483648,1782458582
2023-09-01 12:23:00,"1,0214569677835368",-2147483648,1793029064
2023-09-01 12:24:00,"1,021448541505934",-2147483648,1805958192
2023-09-01 12:25:00,"1,0214906321583217",-2147483648,1805403564
2023-09-01 12:26:00,"1,0218050532899807",-2147483648,1801800986
2023-09-01 12:27:00,"1,0223564921458834",-2147483648,1815318589
2023-09-01 12:28:00,"1,0224804746082263",-2147483648,1831628436
2023-09-01 12:29:00,"1,0223725884779165",-2147483648,1797681703
2023-09-01 12:30:00,"1,022438863503613",-2147483648,1833697463
2023-09-01 12:31:00,"1,0230062098481305",-2147483648,1843855899
2023-09-01 12:32:00,"1,0229650240472044",-2147483648,1781724643
2023-09-01 12:33:00,"1,0229797324650949",-2147483648,1786838711
2023-09-01 12:34:00,"1,0229877951204995",-2147483648,1819923437
2023-09-01 12:35:00,"1,0230530059077434",-2147483648,1828646008
2023-09-01 12:36:00,"1,023331195789516",-2147483648,1809294970
2023-09-01 12:37:00,"1,0232903109848457",-2147483648,1801781989
2023-09-01 12:38:00,"1,02328223797309",-2147483648,1809280385
2023-09-01 12:39:00,"1,0232150631639267",-2147483648,1787793936
2023-09-01 12:40:00,"1,0230972705197767",-2147483648,1754078308
2023-09-01 12:41:00,"1,023168762662116",-2147483648,1785877390
2023-09-01 12:42:00,"1,0230248465913687",-2147483648,1770176702
2023-09-01 12:43:00,"1,0230680061609396",-2147483648,1781550326
2023-09-01 12:44:00,"1,0234363618118474",-2147483648,1771095747
2023-09-01 12:45:00,"1,023233657019742",-2147483648,1811348138
2023-09-01 12:46:00,"1,0239750317998335",-2147483648,1821315458
2023-09-01 12:47:00,"1,0244110720021422",-2147483648,1795496758
2023-09-01 12:48:00,"1,024352136304142",-2147483648,1799680064
2023-09-01 12:49:00,"1,02432731600646",-2147483648,1808767765
2023-09-01 12:50:00,"1,0242323919095824",-2147483648,1778231633
2023-09-01 12:51:00,"1,0241951488745311",-2147483648,1768051925
2023-09-01 12:52:00,"1,0241107546803532",-2147483648,1748316774
2023-09-01 12:53:00,"1,024089054225348",-2147483648,1752447515
2023-09-01 12:54:00,"1,0240147203525949",-2147483648,1741521459
2023-09-01 12:55:00,"1,0238878671135947",-2147483648,1700549995
2023-09-01 12:56:00,"1,02382582570767",-2147483648,1686338126
2023-09-01 12:57:00,"1,0238621261710694",-2147483648,1714859608
2023-09-01 12:58:00,"1,0238836475860764",-2147483648,1737329561
2023-09-01 12:59:00,"1,0239125952901065",-2147483648,1761233946
2023-09-01 13:00:00,"1,0243083766729937",-2147483648,1800514656
2023-09-01 13:01:00,"1,0271779946065864",-2147483648,1864738172
2023-09-01 13:02:00,"1,0303110905548327",-2147483648,1864511489
2023-09-01 13:03:00,"1,030260436951936",-2147483648,1855551761
2023-09-01 13:04:00,"1,0281116371650472",-2147483648,1780916770
2023-09-01 13:05:00,"1,027081769774687",-2147483648,1768679573
2023-09-01 13:06:00,"1,027126580975753",-2147483648,1798694431
2023-09-01 13:07:00,"1,0247734503223842",-2147483648,1631106603
2023-09-01 13:08:00,"1,02280173250685",-2147483648,1566318068
2023-09-01 13:09:00,"1,021330296192262",-2147483648,1570364532
2023-09-01 13:10:00,"1,0213219573906207",-2147483648,1577425416
2023-09-01 13:11:00,"1,021195254461807",-2147483648,1528588224
2023-09-01 13:12:00,"1,021179934180495",-2147483648,1533686001
2023-09-01 13:13:00,"1,0211506369984626",-2147483648,1537748076
2023-09-01 13:14:00,"1,0215724820452543",-2147483648,1547116563
2023-09-01 13:15:00,"1,0225820174220277",-2147483648,1550596229
2023-09-01 13:16:00,"1,0226927761744662",-2147483648,1538603008
2023-09-01 13:17:00,"1,022607429039228",-2147483648,1515286480
2023-09-01 13:18:00,"1,022039447850603",-2147483648,1484173286
2023-09-01 13:19:00,"1,0209353088414397",-2147483648,1434870865
2023-09-01 13:20:00,"1,021306045225964",-2147483648,1491330876
2023-09-01 13:21:00,"1,02130713612445",-2147483648,1460407904
2023-09-01 13:22:00,"1,0208601578313774",-2147483648,1424372638
2023-09-01 13:23:00,"1,020681068124569",-2147483648,1449462195
2023-09-01 13:24:00,"1,0209294416262462",-2147483648,1451286489
2023-09-01 13:25:00,"1,020883326673517",-2147483648,1421963615
2023-09-01 13:26:00,"1,0208872725319564",-2147483648,1433436731
2023-09-01 13:27:00,"1,0202557104200372",-2147483648,1409018928
2023-09-01 13:28:00,"1,020256051156602",-2147483648,1392833056
2023-09-01 13:29:00,"1,0203483325797065",-2147483648,1370574391
2023-09-01 13:30:00,"1,0202502304502317",-2147483648,1351998224
2023-09-01 13:31:00,"1,02001247503549",-2147483648,1398753186
2023-09-01 13:32:00,"1,0202439918596733",-2147483648,1390721727
2023-09-01 13:33:00,"1,0203029471560472",-2147483648,1404072564
2023-09-01 13:34:00,"1,0208278476798394",-2147483648,1405288696
2023-09-01 13:35:00,"1,0210657643618228",-2147483648,1416250896
2023-09-01 13:36:00,"1,0222122692022992",-2147483648,1440770862
2023-09-01 13:37:00,"1,022289051312247",-2147483648,1425017505
2023-09-01 13:38:00,"1,0223811145900816",-2147483648,1463588730
2023-09-01 13:39:00,"1,022354868075566",-2147483648,1455017267
2023-09-01 13:40:00,"1,0222580357260829",-2147483648,1460636401
2023-09-01 13:41:00,"1,0229332516720582",-2147483648,1488381401
2023-09-01 13:42:00,"1,023065286454093",-2147483648,1477798787
2023-09-01 13:43:00,"1,0229941609152329",-2147483648,1458351163
2023-09-01 13:44:00,"1,0229190419707443",-2147483648,1431429249
2023-09-01 13:45:00,"1,0229404309178751",-2147483648,1437561972
2023-09-01 13:46:00,"1,022660772330834",-2147483648,1423807389
2023-09-01 13:47:00,"1,0221562231289656",-2147483648,1412063793
2023-09-01 13:48:00,"1,0220378003173307",-2147483648,1386145172
2023-09-01 13:49:00,"1,0214157108080346",-2147483648,1368032395
2023-09-01 13:50:00,"1,0211926714136836",-2147483648,1381826767
2023-09-01 13:51:00,"1,0214742013771856",-2147483648,1375422046
2023-09-01 13:52:00,"1,0225849407167042",-2147483648,1346934521
2023-09-01 13:53:00,"1,0224586041384425",-2147483648,1320033731
2023-09-01 13:54:00,"1,022133265551905",-2147483648,1294766751
2023-09-01 13:55:00,"1,0217023614838543",-2147483648,1307497363
2023-09-01 13:56:00,"1,021038172903219",-2147483648,1315228888
2023-09-01 13:57:00,"1,021954316049573",-2147483648,1322137143
2023-09-01 13:58:00,"1,0225820429960069",-2147483648,1300228264
2023-09-01 13:59:00,"1,0225760131681447",-2147483648,1313090752
2023-09-01 14:00:00,"1,0225703579015477",-2147483648,1323151591
2023-09-01 14:01:00,"1,0228303123191105",-2147483648,1362893423
2023-09-01 14:02:00,"1,0249169119332475",-2147483648,1390007760
2023-09-01 14:03:00,"1,0256024059735906",-2147483648,1417134416
2023-09-01 14:04:00,"1,025035887845835",-2147483648,1231506515
2023-09-01 14:05:00,"1,0216192482800783",-2147483648,1200040268
2023-09-01 14:06:00,"1,0206385430014655",-2147483648,1145077351
2023-09-01 14:07:00,"1,020260702419024",-2147483648,1140189821
2023-09-01 14:08:00,"1,0202106180969517",-2147483648,1132883961
2023-09-01 14:09:00,"1,0202284648300126",-2147483648,1153264509
2023-09-01 14:10:00,"1,01989218523675",-2147483648,1120530221
2023-09-01 14:11:00,"1,0188646617839194",-2147483648,1086153697
2023-09-01 14:12:00,"1,0196441539615986",-2147483648,1079242524
2023-09-01 14:13:00,"1,0195826169799955",-2147483648,1066861663
2023-09-01 14:14:00,"1,0193640050913633",-2147483648,1055700252
2023-09-01 14:15:00,"1,0187038920777651",-2147483648,1042974706
2023-09-01 14:16:00,"1,0181427644448124",-2147483648,1034037076
2023-09-01 14:17:00,"1,0179906428781549",-2147483648,1020522119
2023-09-01 14:18:00,"1,0178653545916745",-2147483648,983166804
2023-09-01 14:19:00,"1,0176706373434206",-2147483648,958042592
2023-09-01 14:20:00,"1,0170718556385925",-2147483648,917001783
2023-09-01 14:21:00,"1,0175621262073336",-2147483648,938393717
2023-09-01 14:22:00,"1,0175219922374144",-2147483648,933380545
2023-09-01 14:23:00,"1,0171062927237084",-2147483648,886296195
2023-09-01 14:24:00,"1,0174857845790577",-2147483648,933191870
2023-09-01 14:25:00,"1,0175740344372908",-2147483648,974483104
2023-09-01 14:26:00,"1,017541032236155",-2147483648,962421569
2023-09-01 14:27:00,"1,0177016409548376",-2147483648,942834133
2023-09-01 14:28:00,"1,0174998695672366",-2147483648,935363843
2023-09-01 14:29:00,"1,0176517782943748",-2147483648,902449014
2023-09-01 14:30:00,"1,0175759510279576",-2147483648,885393998
2023-09-01 14:31:00,"1,0173160497986051",-2147483648,902653543
2023-09-01 14:32:00,"1,0171935106973762",-2147483648,892425665
2023-09-01 14:33:00,"1,017001597384504",-2147483648,885599707
2023-09-01 14:34:00,"1,016721781733403",-2147483648,878296782
2023-09-01 14:35:00,"1,0164744084850932",-2147483648,826845961
2023-09-01 14:36:00,"1,0165566256910048",-2147483648,849476690
2023-09-01 14:37:00,"1,0164084280756174",-2147483648,846535116
2023-09-01 14:38:00,"1,0162626669953203",-2147483648,838362948
2023-09-01 14:39:00,"1,0163507552582456",-2147483648,842612704
2023-09-01 14:40:00,"1,0156905411313757",-2147483648,775266214
2023-09-01 14:41:00,"1,0149087224087887",2096599683,640365543
2023-09-01 14:42:00,"1,0164074915650994",-2147483648,740756170
2023-09-01 14:43:00,"1,01679846625915",-2147483648,766627659
2023-09-01 14:44:00,"1,0164840929828702",-2147483648,759373192
2023-09-01 14:45:00,"1,016324597644684",-2147483648,750031702
2023-09-01 14:46:00,"1,0160475740158086",-2147483648,768789124
2023-09-01 14:47:00,"1,0156463547754924",-2147483648,751972682
2023-09-01 14:48:00,"1,0155267046086167",-2147483648,734046602
2023-09-01 14:49:00,"1,0132499910431876",1710577010,464701092
2023-09-01 14:50:00,"1,0131296641126868",1744053110,447433294
2023-09-01 14:51:00,"1,0101065430533755",832847780,166873580
2023-09-01 14:52:00,"1,0085205857842314",318535695,24734832
2023-09-01 14:53:00,"1,0089453268197246",255238858,14132504
2023-09-01 14:54:00,"1,0092250103778466",224115919,1412758
2023-09-01 14:55:00,"1,0092143571155905",215561072,6184730
2023-09-01 14:56:00,"1,0090042080928543",215724360,10456457
2023-09-01 14:57:00,"1,0091670234780297",215317767,9924123
2023-09-01 14:58:00,"1,0092132037720536",218608194,2266804
2023-09-01 14:59:00,"1,0092320370218366",224108319,4620238
2023-09-01 15:00:00,"1,0092811175621568",237889525,11369179
2023-09-01 15:01:00,"1,00933578430853",258413843,13119781
2023-09-01 15:02:00,"1,0098831958614731",289709722,26691515
2023-09-01 15:03:00,"1,0109048622625945",335810670,39465889
2023-09-01 15:04:00,"1,011032516821914",391939812,34548103
2023-09-01 15:05:00,"1,0105666422169912",455342563,51175103
2023-09-01 15:06:00,"1,01036123228831",498138350,59672111
2023-09-01 15:07:00,"1,0104086308772058",524895103,51283793
2023-09-01 15:08:00,"1,0104777029989451",545267263,59767804
2023-09-01 15:09:00,"1,010553526770765",568392164,68238361
2023-09-01 15:10:00,"1,0106074342017966",592686055,65519090
2023-09-01 15:11:00,"1,0099380046175324",612671999,38613919
2023-09-01 15:12:00,"1,0089539956468712",638141484,61703157
2023-09-01 15:13:00,"1,008844245209182",671319173,74608731
2023-09-01 15:14:00,"1,0091768723107908",715883285,75861821
2023-09-01 15:15:00,"1,0094276564259184",761280171,88893858
2023-09-01 15:16:00,"1,009580811393778",812155732,101341317
2023-09-01 15:17:00,"1,0097686218241166",883314732,106877728
2023-09-01 15:18:00,"1,009994081649647",945787574,139100267
2023-09-01 15:19:00,"1,009561918407898",984497464,148599584
2023-09-01 15:20:00,"1,0097546815924825",1067400690,192935109
2023-09-01 15:21:00,"1,0099944838975785",1009738622,167146035
2023-09-01 15:22:00,"1,010257620153216",1037884308,155643582
2023-09-01 15:23:00,"1,009885173395484",1071004649,148812383
2023-09-01 15:24:00,"1,009848210291413",1126494853,169432329
2023-09-01 15:25:00,"1,0100234495659923",1186961402,181323722
2023-09-01 15:26:00,"1,010783637036503",1424535937,260759792
2023-09-01 15:27:00,"1,0122461379259888",2064087943,460522294
2023-09-01 15:28:00,"1,0124208883149963",-2147483648,540475915
2023-09-01 15:29:00,"1,012004623965978",2110716354,497667760
2023-09-01 15:30:00,"1,0093139960897453",1325046909,276834994
2023-09-01 15:31:00,"1,008801045821724",1157751855,181956677
2023-09-01 15:32:00,"1,0097672308705328",1204360912,194727987
2023-09-01 15:33:00,"1,0096105471572483",1198413868,180271590
2023-09-01 15:34:00,"1,0096313297007573",1391967983,221954958
2023-09-01 15:35:00,"1,0107781856891649",1770635275,319763809
2023-09-01 15:36:00,"1,0107674860018847",2075422174,422115934
2023-09-01 15:37:00,"1,0097659828749908",2042761888,376684337
2023-09-01 15:38:00,"1,0093185779707887",2030026684,411076646
2023-09-01 15:39:00,"1,0091759028586968",1975814936,382090770
2023-09-01 15:40:00,"1,00924331882624",1900646657,372351765
2023-09-01 15:41:00,"1,0091761755331492",1877314890,367916380
2023-09-01 15:42:00,"1,009710758255426",1838735272,380183002
2023-09-01 15:43:00,"1,00982325872515",1781606694,321366837
2023-09-01 15:44:00,"1,008499424876578",1728640382,276681467
2023-09-01 15:45:00,"1,0088116461069123",1680707543,322703624
2023-09-01 15:46:00,"1,0090327680654707",1625321830,261492298
2023-09-01 15:47:00,"1,0092380463329973",1581764375,278909153
2023-09-01 15:48:00,"1,0090237153014163",1531534324,237993344
2023-09-01 15:49:00,"1,0088386019967122",1477539432,239180865
2023-09-01 15:50:00,"1,00825503771723",1414033446,170160025
2023-09-01 15:51:00,"1,0078533273469703",1359525012,123846581
2023-09-01 15:52:00,"1,0074967545209377",1318537561,82907484
2023-09-01 15:53:00,"1,0073465402645636",1283829505,78499834
2023-09-01 15:54:00,"1,007092653795201",1251854454,123134173
2023-09-01 15:55:00,"1,0069483285655534",1216311341,97706065
2023-09-01 15:56:00,"1,006429992306236",1180199256,52747780
2023-09-01 15:57:00,"1,006352381593772",1147593132,54106194
2023-09-01 15:58:00,"1,0062403567087737",1115787728,39095737
2023-09-01 15:59:00,"1,0061461946073669",1085074763,30907820
2023-09-01 16:00:00,"1,0062408755902252",1052066127,85447046
2023-09-01 16:01:00,"1,0067283433519731",1012385015,77272724
2023-09-01 16:02:00,"1,0074039226044793",970823063,81656872
2023-09-01 16:03:00,"1,0077460611762117",933667482,29989801
2023-09-01 16:04:00,"1,0087668122582674",911778160,118344061
2023-09-01 16:05:00,"1,0073089867488514",878369817,18106560
2023-09-01 16:06:00,"1,0065072291372827",855775622,3886870
2023-09-01 16:07:00,"1,0064444493270437",832075245,2145223
2023-09-01 16:08:00,"1,006775952938683",808393235,29342963
2023-09-01 16:09:00,"1,0073420705262564",781561059,17361650
2023-09-01 16:10:00,"1,0072403147544269",758536974,2692740
2023-09-01 16:11:00,"1,0065462083311834",739711447,2410749
2023-09-01 16:12:00,"1,0064763791040483",719247819,6104812
2023-09-01 16:13:00,"1,0064623729270237",702869548,5824579
2023-09-01 16:14:00,"1,0065222628262538",687929513,0
2023-09-01 16:15:00,"1,006333676602176",523047359,60220
2023-09-01 16:16:00,"1,0057734133363927",291145811,6789444
2023-09-01 16:17:00,"1,0050890835438264",288954263,1870642
2023-09-01 16:18:00,"1,0052059543150609",245827456,4558
2023-09-01 16:19:00,"1,0052108210601465",203532977,3970
2023-09-01 16:20:00,"1,00449433811695",199996056,3292244
2023-09-01 16:21:00,"1,0041974874112614",195132219,1099629
2023-09-01 16:22:00,"1,0042952381265349",233463333,3266
2023-09-01 16:23:00,"1,0042803158145897",308051393,8752766
2023-09-01 16:24:00,"1,0029169573226533",231812539,23005
2023-09-01 16:25:00,"1,0025460635418897",195042384,1578860
2023-09-01 16:26:00,"1,0026189889893042",222916092,1736
2023-09-01 16:27:00,"1,0033297170768665",221107338,8
2023-09-01 16:28:00,"1,0038929972911903",204361624,642
2023-09-01 16:29:00,"1,0039099192720924",209963978,1419513
2023-09-01 16:30:00,"1,0039439519925917",226049650,1263500
2023-09-01 16:31:00,"1,0040357118012448",261804874,2844
2023-09-01 16:32:00,"1,0041107440109267",289195113,3103985
2023-09-01 16:33:00,"1,0048143868915664",352556249,1394709
2023-09-01 16:34:00,"1,0052116849944628",358861042,4
2023-09-01 16:35:00,"1,0052513412786317",352699675,85
2023-09-01 16:36:00,"1,0042305253106167",339963623,339
2023-09-01 16:37:00,"1,00420283721381",329021419,265
2023-09-01 16:38:00,"1,003903862633445",319329160,204
2023-09-01 16:39:00,"1,003821559603023",308377676,265
2023-09-01 16:40:00,"1,0037908772478583",296041993,232
2023-09-01 16:41:00,"1,0044249414279305",285546611,262
2023-09-01 16:42:00,"1,0050578397310417",274704256,278
2023-09-01 16:43:00,"1,0053008334492173",261911181,370
2023-09-01 16:44:00,"1,0053279944451523",250702179,279
2023-09-01 16:45:00,"1,0046423435545573",240300246,232
2023-09-01 16:46:00,"1,0045082053175969",230661768,205
2023-09-01 16:47:00,"1,0037644912923374",219007601,293
2023-09-01 16:48:00,"1,003241280321565",207699346,278
2023-09-01 16:49:00,"1,004306328826739",193462617,478
2023-09-01 16:50:00,"1,0045006783701946",184803357,1565838
2023-09-01 16:51:00,"1,0046852481423256",169116207,900
2023-09-01 16:52:00,"1,0049727375391044",157651296,6275868
2023-09-01 16:53:00,"1,0051053972242665",159356727,1960959
2023-09-01 16:54:00,"1,0047538228264326",151513110,1045025
2023-09-01 16:55:00,"1,004068472556882",144301938,2327810
2023-09-01 16:56:00,"1,0043914504714735",137339071,2323177
2023-09-01 16:57:00,"1,0047027395367325",130226191,1874957
2023-09-01 16:58:00,"1,0047328393737744",117836354,4524602
2023-09-01 16:59:00,"1,0049559658116949",99842722,1284188
2023-09-01 17:00:00,"1,0053845918694062",95395761,1152204
2023-09-01 17:01:00,"1,0060890765311568",91962902,0
2023-09-01 17:02:00,"1,0065805800154852",89373276,1339429
2023-09-01 17:03:00,"1,0072299905073083",86158650,0
2023-09-01 17:04:00,"1,0075490669861258",81811064,43
2023-09-01 17:05:00,"1,0072124600889096",79205984,14
2023-09-01 17:06:00,"1,0072047228672465",76109519,21
2023-09-01 17:07:00,"1,0071952196763376",72279601,32
2023-09-01 17:08:00,"1,0073536117159911",69580271,16
2023-09-01 17:09:00,"1,0091083266385148",66564495,23
2023-09-01 17:10:00,"1,009154609628348",63687259,18
2023-09-01 17:11:00,"1,0087082078722058",61134397,14
2023-09-01 17:12:00,"1,0084825944485247",58909443,10
2023-09-01 17:13:00,"1,0084770045017848",56663619,11
2023-09-01 17:14:00,"1,0086907948062305",54087733,14
2023-09-01 17:15:00,"1,0091241362645424",51345186,17
2023-09-01 17:16:00,"1,008733452630035",49107515,10
2023-09-01 17:17:00,"1,0074637877449035",47135180,8
2023-09-01 17:18:00,"1,0074559968995829",44315020,17
2023-09-01 17:19:00,"1,0073388219096913",41428300,18
2023-09-01 17:20:00,"1,0071152518982591",38930541,60450
2023-09-01 17:21:00,"1,006282224218364",36816958,59
2023-09-01 17:22:00,"1,0066078983204467",35117868,6
2023-09-01 17:23:00,"1,0071498124906648",31731467,25
2023-09-01 17:24:00,"1,0074184176148346",29153914,14
2023-09-01 17:25:00,"1,006916281001919",26357616,17
2023-09-01 17:26:00,"1,006746887878574",24669817,6
2023-09-01 17:27:00,"1,0066279647228848",21088988,28
2023-09-01 17:28:00,"1,0047552504035149",19612367,4
2023-09-01 17:29:00,"1,0035916373412737",16809132,17
2023-09-01 17:30:00,"1,0034238893430698",16007494,1
2023-09-01 17:31:00,"1,0036392520979578",14072931,8
2023-09-01 17:32:00,"1,0042288815370546",7752561,89
2023-09-01 17:33:00,"1,0053280967478473",7059264,1
2023-09-01 17:34:00,"1,0047260978969723",7114906,1568989
2023-09-01 17:35:00,"1,004394675317397",5072294,3359187
2023-09-01 17:36:00,"1,0042867289953874",2885531,6754753
2023-09-01 17:37:00,"1,0040800152050442",3160837,12473458
2023-09-01 17:38:00,"1,003907483960792",1286654,11238873
2023-09-01 17:39:00,"1,0037349465062413",213,9288512
2023-09-01 17:40:00,"1,003720209132668",1619598,4140075
2023-09-01 17:41:00,"1,0037142040256088",36,45
2023-09-01 17:42:00,"1,0038792030233992",-11,0
2023-09-01 17:43:00,"1,0040443079045986",-11,0
2023-09-01 17:44:00,"1,004044294329689",-11,0
2023-09-01 17:45:00,"1,004539731101926",-11,0
2023-09-01 17:46:00,"1,0051450167384914",-11,0
2023-09-01 17:47:00,"1,0051999106814409",-11,0
2023-09-01 17:48:00,"1,0047048357694977",-11,0
2023-09-01 17:49:00,"1,0047047137937897",-11,0
2023-09-01 17:50:00,"1,0038246197884215",-11,0
2023-09-01 17:51:00,"1,0050906763990404",-11,0
2023-09-01 17:52:00,"1,0056954055938483",-11,0
2023-09-01 17:53:00,"1,0056952237806482",-11,0
2023-09-01 17:54:00,"1,005695223780632",-11,0
2023-09-01 17:55:00,"1,005695223780632",-11,0
2023-09-01 17:56:00,"1,005695223780632",-11,0
2023-09-01 17:57:00,"1,005695223780632",-11,0
2023-09-01 17:58:00,"1,003825974370691",-11,0
2023-09-01 17:59:00,"1,0030540813452342",-11,0
2023-09-01 18:00:00,"1,003054842856279",235329,211075
2023-09-01 18:01:00,"1,0030537843439555",-10,0
2023-09-01 18:02:00,"1,002393701422556",-11,0
2023-09-01 18:03:00,"1,0023934840880586",-11,0
2023-09-01 18:04:00,"1,0023934840880349",-11,0
2023-09-01 18:05:00,"1,0021734478949926",-11,0
2023-09-01 18:06:00,"1,001733161382355",-11,0
2023-09-01 18:07:00,"1,001182945733183",-11,0
2023-09-01 18:08:00,"1,0010727704319322",-11,0
2023-09-01 18:09:00,"1,0010727643691382",-11,0
2023-09-01 18:10:00,"1,001072764369138",-11,0
2023-09-01 18:11:00,"1,0015131010771792",-11,0
2023-09-01 18:12:00,"1,0017330887793727",-11,0
2023-09-01 18:13:00,"1,002063328772936",-11,0
2023-09-01 18:14:00,"1,002613695493498",-11,0
2023-09-01 18:15:00,"1,0035495352902293",-11,0
2023-09-01 18:16:00,"1,0040995196453808",-11,0
2023-09-01 18:17:00,"1,0047048961760807",-11,0
2023-09-01 18:18:00,"1,0048698321958325",-11,0
2023-09-01 18:19:00,"1,006742430821859",-11,0
2023-09-01 18:20:00,"1,006469269198512",204,0
2023-09-01 18:21:00,"1,0056955214282297",-10,0
2023-09-01 18:22:00,"1,005695223780676",-11,0
2023-09-01 18:23:00,"1,0056952237806325",-11,0
2023-09-01 18:24:00,"1,0058052599739244",-11,0
2023-09-01 18:25:00,"1,0072921759971845",-11,0
2023-09-01 18:26:00,"1,0078414983239756",-11,0
2023-09-01 18:27:00,"1,0070162816185533",-11,0
2023-09-01 18:28:00,"1,0064657048034191",-11,0
2023-09-01 18:29:00,"1,006685757818349",-11,0
2023-09-01 18:30:00,"1,007181050939377",-11,0
2023-09-01 18:31:00,"1,008116918058387",-11,0
2023-09-01 18:32:00,"1,0086669036837503",-11,0
2023-09-01 18:33:00,"1,00976789412949",-11,0
2023-09-01 18:34:00,"1,0099873780992137",-11,0
2023-09-01 18:35:00,"1,0102624296813656",-11,26884
2023-09-01 18:36:00,"1,0103174933705668",-11,32525
2023-09-01 18:37:00,"1,010317491870384",-11,32525
2023-09-01 18:38:00,"1,010317491870384",-11,32525
2023-09-01 18:39:00,"1,010317491870384",-11,32525
2023-09-01 18:40:00,"1,0103174918805131",-11,32525
2023-09-01 18:41:00,"1,0103174918703837",-11,32525
2023-09-01 18:42:00,"1,0103174918703834",-11,32525
2023-09-01 18:43:00,"1,0103174918703837",-11,32525
2023-09-01 18:44:00,"1,0103174918703834",-11,32525
2023-09-01 18:45:00,"1,0103174918703837",-11,32525
2023-09-01 18:46:00,"1,010482572744842",-11,49439
2023-09-01 18:47:00,"1,0129613654734122",-11,303989
2023-09-01 18:48:00,"1,0132884020281088",-11,336879
2023-09-01 18:49:00,"1,0111999282061677",-11,123362
2023-09-01 18:50:00,"1,0111427113939984",-11,117062
2023-09-01 18:51:00,"1,0119683839281377",-11,201713
2023-09-01 18:52:00,"1,0126284131735337",-11,269302
2023-09-01 18:53:00,"1,0131784932165608",-11,325639
2023-09-01 18:54:00,"1,0129583571735603",-11,303063
2023-09-01 18:55:00,"1,012628251912404",-11,269253
2023-09-01 18:56:00,"1,0136189685582064",-11,370831
2023-09-01 18:57:00,"1,0136184845018046",-11,370682
2023-09-01 18:58:00,"1,0136184845016891",-11,370682
2023-09-01 18:59:00,"1,0133983785086216",-11,348139
2023-09-01 19:00:00,"1,0129583334544832",-11,303050
2023-09-01 19:01:00,"1,0129583332589989",-11,303056
2023-09-01 19:02:00,"1,0129583332589989",-11,303056
2023-09-01 19:03:00,"1,0130132778218155",-11,308684
2023-09-01 19:04:00,"1,0132883866025924",-11,336874
2023-09-01 19:05:00,"1,0132883492648896",-11,336863
2023-09-01 19:06:00,"1,0132883492648892",-11,336863
2023-09-01 19:07:00,"1,0133434130241576",-11,342504
2023-09-01 19:08:00,"1,0136185218272404",-11,370694
2023-09-01 19:09:00,"1,0139485543039384",-11,404506
2023-09-01 19:10:00,"1,0153247986968892",-11,545670
2023-09-01 19:11:00,"1,0159292547454717",-11,607437
2023-09-01 19:12:00,"1,0165894413978118",-11,675074
2023-09-01 19:13:00,"1,0159292894022354",-11,607447
2023-09-01 19:14:00,"1,0053650156077831",-11,25
2023-09-01 19:15:00,"1,0053650140485852",-11,0
2023-09-01 19:16:00,"1,0053650140485857",-11,0
2023-09-01 19:17:00,"1,0053650140485857",-11,0
2023-09-01 19:18:00,"1,0053650140485857",-11,0
2023-09-01 19:19:00,"1,0053650140485857",-11,0
2023-09-01 19:20:00,"1,0053676761233723",-11,0
2023-09-01 19:21:00,"1,00536501405211",-11,0
2023-09-01 19:22:00,"1,0053650140485857",-11,0
2023-09-01 19:23:00,"1,0053650140485852",-11,0
2023-09-01 19:24:00,"1,00569527800893",-11,0
2023-09-01 19:25:00,"1,0056952237806338",-11,0
2023-09-01 19:26:00,"1,0054750683250888",-11,0
2023-09-01 19:27:00,"1,0052550079610394",-11,0
2023-09-01 19:28:00,"1,0059155009719352",-11,0
2023-09-01 19:29:00,"1,0070164260860184",-11,0
2023-09-01 19:30:00,"1,007015824290419",-11,0
2023-09-01 19:31:00,"1,0076763410244742",-11,0
2023-09-01 19:32:00,"1,008226664027018",-11,0
2023-09-01 19:33:00,"1,0087218307587094",-11,0
2023-09-01 19:34:00,"1,0093272355599994",-11,0
2023-09-01 19:35:00,"1,0093270539960024",-11,0
2023-09-01 19:36:00,"1,0094921723658667",-11,0
2023-09-01 19:37:00,"1,009657157998695",-11,0
2023-09-01 19:38:00,"1,010207486675934",-11,21256
2023-09-01 19:39:00,"1,0103174978584593",-11,32527
2023-09-01 19:40:00,"1,010317491870384",-11,32525
2023-09-01 19:41:00,"1,010317491870384",-11,32525
2023-09-01 19:42:00,"1,0105375262253362",-11,55070
2023-09-01 19:43:00,"1,0109777381530258",-11,100181
2023-09-01 19:44:00,"1,0111976767172577",-11,122697
2023-09-01 19:45:00,"1,0116378887491964",-11,167807
2023-09-01 19:46:00,"1,0121331166288825",-11,218544
2023-09-01 19:47:00,"1,0127383842625524",-11,280561
2023-09-01 19:48:00,"1,0132884985596375",-11,336909
2023-09-01 19:49:00,"1,0136185382208864",-11,370699
2023-09-01 19:50:00,"1,0139485542986022",-11,404506
2023-09-01 19:51:00,"1,013948500604561",-11,404489
2023-09-01 19:52:00,"1,0139485006045594",-11,404489
2023-09-01 19:53:00,"1,0139485006045594",-11,404489
2023-09-01 19:54:00,"1,0140586311443127",-11,415773
2023-09-01 19:55:00,"1,014278659798424",-11,438316
2023-09-01 19:56:00,"1,01427863593828",-11,438309
2023-09-01 19:57:00,"1,0142236943220433",-11,432681
2023-09-01 19:58:00,"1,013948537930873",-11,404501
2023-09-01 19:59:00,"1,013618538207884",-11,370699
2023-09-01 20:00:00,"1,0129583096465955",-11,303073
2023-09-01 20:01:00,"1,012793159962618",-11,286138
2023-09-01 20:02:00,"1,0128482102478324",-11,291775
2023-09-01 20:03:00,"1,0046496396929625",-11,18
2023-09-01 20:04:00,"1,0007502707147424",-11,0
2023-09-01 20:05:00,"0,9995327853883472",-10,0
2023-09-01 20:06:00,"0,9989269424586905",-10,0
2023-09-01 20:07:00,"0,9978267654859213",-10,0
2023-09-01 20:08:00,"0,9984316869977105",-10,0
2023-09-01 20:09:00,"0,9974964472799592",-10,0
2023-09-01 20:10:00,"0,9981015370329048",-10,0
2023-09-01 20:11:00,"1,0001945937853485",-11,0
2023-09-01 20:12:00,"0,9985978256317912",-10,0
2023-09-01 20:13:00,"0,9995324809010162",-10,0
2023-09-01 20:14:00,"1,0000824055784152",-11,0
2023-09-01 20:15:00,"1,0000822543822994",-11,0
2023-09-01 20:16:00,"1,0000822543822876",-11,0
2023-09-01 20:17:00,"1,000082254382288",-11,0
2023-09-01 20:18:00,"1,0003024581776074",-11,0
2023-09-01 20:19:00,"1,0007427707120005",-11,0
2023-09-01 20:20:00,"1,000753299852182",-11,0
2023-09-01 20:21:00,"1,001017843842839",-11,0
2023-09-01 20:22:00,"1,000907784763412",-11,0
2023-09-01 20:23:00,"1,0005776234521409",-11,0
2023-09-01 20:24:00,"0,9994775745848095",-10,0
2023-09-01 20:25:00,"0,9987619102778661",-10,0
2023-09-01 20:26:00,"0,9987616538727137",-10,0
2023-09-01 20:27:00,"0,9989817980822648",-10,0
2023-09-01 20:28:00,"1,000744225768279",-11,0
2023-09-01 20:29:00,"1,0015132995658709",-11,0
2023-09-01 20:30:00,"1,0022286345051492",-11,0
2023-09-01 20:31:00,"0,9994258840963908",-10,0
2023-09-01 20:32:00,"0,9994219541352111",-10,0
2023-09-01 20:33:00,"1,0005231002331094",-11,0
2023-09-01 20:34:00,"1,0009628307833702",-11,0
2023-09-01 20:35:00,"1,0014030708710815",-11,0
2023-09-01 20:36:00,"1,0022838409079533",-11,0
2023-09-01 20:37:00,"1,0029990838818148",-11,0
2023-09-01 20:38:00,"1,002613737698119",-11,0
2023-09-01 20:39:00,"1,002393508280628",-11,0
2023-09-01 20:40:00,"1,0023934846296243",-11,25
2023-09-01 20:41:00,"1,0025035203010937",-11,0
2023-09-01 20:42:00,"1,0030540546347513",-11,0
2023-09-01 20:43:00,"1,0030539035521395",-11,0
2023-09-01 20:44:00,"1,0030539035521282",-11,0
2023-09-01 20:45:00,"1,0033290763268117",-11,0
2023-09-01 20:46:00,"1,0036042113463914",-11,0
2023-09-01 20:47:00,"1,0037142098343783",-11,0
2023-09-01 20:48:00,"1,0038793222513347",-11,0
2023-09-01 20:49:00,"1,0051457515165758",-11,0
2023-09-01 20:50:00,"1,005365037963554",-11,0
2023-09-01 20:51:00,"1,005089916662519",-11,0
2023-09-01 20:52:00,"1,0050349250302932",-11,0
2023-09-01 20:53:00,"1,00536506825504",-11,0
2023-09-01 20:54:00,"1,0053650140485872",-11,0
2023-09-01 20:55:00,"1,006356011972663",-11,0
2023-09-01 20:56:00,"1,0049257918943055",-11,0
2023-09-01 20:57:00,"1,004374655276022",-11,0
2023-09-01 20:58:00,"1,0043745040617464",-11,0
2023-09-01 20:59:00,"1,0048148404515542",-11,0
2023-09-01 21:00:00,"1,0050349242260406",-11,18
2023-09-01 21:01:00,"1,0045947800399555",-11,0
2023-09-01 21:02:00,"1,0023958958584145",-11,0
2023-09-01 21:03:00,"1,001733402901979",-11,0
2023-09-01 21:04:00,"1,00272418330965",-11,0
2023-09-01 21:05:00,"1,0027236938202009",-11,0
2023-09-01 21:06:00,"1,0027236938200814",-11,0
2023-09-01 21:07:00,"1,0028888122788906",-11,0
2023-09-01 21:08:00,"1,0037145434613213",-11,0
2023-09-01 21:09:00,"1,0040444677447624",-11,0
2023-09-01 21:10:00,"1,0047049308782137",-11,0
2023-09-01 21:11:00,"1,0047047137938052",-11,0
2023-09-01 21:12:00,"1,004704713793782",-11,0
2023-09-01 21:13:00,"1,0047047137937817",-11,0
2023-09-01 21:14:00,"1,005585460099865",-11,0
2023-09-01 21:15:00,"1,0065761911610274",-11,0
2023-09-01 21:16:00,"1,0066857397280755",-11,0
2023-09-01 21:17:00,"1,0066857337674822",-11,0
2023-09-01 21:18:00,"1,0064106363254794",-11,0
2023-09-01 21:19:00,"1,006355525544444",-11,0
2023-09-01 21:20:00,"1,0073582684945863",-11,0
2023-09-01 21:21:00,"1,0089981769231515",-11,0
2023-09-01 21:22:00,"1,0089968442648198",-11,0
2023-09-01 21:23:00,"1,00899684426394",-11,0
2023-09-01 21:24:00,"1,0087217467358185",-11,0
2023-09-01 21:25:00,"1,0083366175582298",-11,0
2023-09-01 21:26:00,"1,0083365440091383",-11,0
2023-09-01 21:27:00,"1,008336544009136",-11,0
2023-09-01 21:28:00,"1,008336544009136",-11,0
2023-09-01 21:29:00,"1,008336544009136",-11,0
2023-09-01 21:30:00,"1,008336544009136",-11,0
2023-09-01 21:31:00,"1,008336544009136",-11,0
2023-09-01 21:32:00,"1,0086117165861304",-11,0
2023-09-01 21:33:00,"1,0089969177923976",-11,0
2023-09-01 21:34:00,"1,009327108005028",-11,0
2023-09-01 21:35:00,"1,0093270539959875",-11,0
2023-09-01 21:36:00,"1,0093270539959864",-11,0
2023-09-01 21:37:00,"1,0076226106386066",-11,0
2023-09-01 21:38:00,"1,007181025959634",-11,0
2023-09-01 21:39:00,"1,0076763655004028",-11,0
2023-09-01 21:40:00,"1,0081436493041118",-11,0
2023-09-01 21:41:00,"1,0083365624630376",-11,0
2023-09-01 21:42:00,"1,0083365440091363",-11,0
2023-09-01 21:43:00,"1,008336544009136",-11,0
2023-09-01 21:44:00,"1,008336544009136",-11,0
2023-09-01 21:45:00,"1,008336544009136",-11,0
2023-09-01 21:46:00,"1,0089970604598264",-11,0
2023-09-01 21:47:00,"1,0091619626028832",-11,0
2023-09-01 21:48:00,"1,0089968577722102",-11,0
2023-09-01 21:49:00,"1,0093271080246713",-11,0
2023-09-01 21:50:00,"1,009657317725784",-11,0
2023-09-01 21:51:00,"1,009437108189685",-11,0
2023-09-01 21:52:00,"1,008996940274044",-11,0
2023-09-01 21:53:00,"1,0089968442639443",-11,0
2023-09-01 21:54:00,"1,0089968442639397",-11,0
2023-09-01 21:55:00,"1,0089968442639397",-11,0
2023-09-01 21:56:00,"1,0093271080290922",-11,0
2023-09-01 21:57:00,"1,0098774740466",-11,0
2023-09-01 21:58:00,"1,0103174918704068",-11,32525
