,P,Q,mean voltage p.u.
2023-06-26 22:00:00,-3,0,"1,0113080739696867"
2023-06-26 22:01:00,-3,0,"1,0109780373176322"
2023-06-26 22:02:00,-3,0,"1,009877923283243"
2023-06-26 22:03:00,-3,0,"1,0081728809451629"
2023-06-26 22:04:00,-3,0,"1,0073463730890504"
2023-06-26 22:05:00,-3,0,"1,0061361914910003"
2023-06-26 22:06:00,-3,0,"1,0053653095923958"
2023-06-26 22:07:00,-3,0,"1,0053650140486288"
2023-06-26 22:08:00,-3,0,"1,005200041929356"
2023-06-26 22:09:00,-3,0,"1,0050349370873517"
2023-06-26 22:10:00,-3,0,"1,005034923525829"
2023-06-26 22:11:00,-3,0,"1,0044297610567698"
2023-06-26 22:12:00,-3,0,"1,0040443682943418"
2023-06-26 22:13:00,-3,0,"1,0040442943296912"
2023-06-26 22:14:00,-3,0,"1,0044846307512392"
2023-06-26 22:15:00,-3,0,"1,0047047379039291"
2023-06-26 22:16:00,-3,0,"1,004704713793782"
2023-06-26 22:17:00,-3,0,"1,0047047137937817"
2023-06-26 22:18:00,-3,0,"1,0044845583620003"
2023-06-26 22:19:00,-3,0,"1,0043745100906725"
2023-06-26 22:20:00,-3,0,"1,0045946836195296"
2023-06-26 22:21:00,-3,0,"1,0055850743970902"
2023-06-26 22:22:00,-3,0,"1,0059152841291368"
2023-06-26 22:23:00,-3,0,"1,0063555240354356"
2023-06-26 22:24:00,-3,0,"1,0070158242902392"
2023-06-26 22:25:00,-3,0,"1,0070708989820103"
2023-06-26 22:26:00,-3,0,"1,0070158242902392"
2023-06-26 22:27:00,-3,0,"1,0070158242902392"
2023-06-26 22:28:00,-3,0,"1,0070158242902392"
2023-06-26 22:29:00,-3,0,"1,0066857337674822"
2023-06-26 22:30:00,-3,0,"1,0049247741422866"
2023-06-26 22:31:00,-3,0,"1,0047047137937817"
2023-06-26 22:32:00,-3,0,"1,0048147439680342"
2023-06-26 22:33:00,-3,0,"1,0051449537000807"
2023-06-26 22:34:00,-3,0,"1,0056952237806318"
2023-06-26 22:35:00,-3,0,"1,0055301189146086"
2023-06-26 22:36:00,-3,0,"1,0053650140485857"
2023-06-26 22:37:00,-3,0,"1,0053650140485857"
2023-06-26 22:38:00,-3,0,"1,0053650140485857"
2023-06-26 22:39:00,-3,0,"1,0053650140485857"
2023-06-26 22:40:00,-3,0,"1,0053650140485857"
2023-06-26 22:41:00,-3,0,"1,0054200887403566"
2023-06-26 22:42:00,-3,0,"1,0056952237806318"
2023-06-26 22:43:00,-3,0,"1,0058052539548843"
2023-06-26 22:44:00,-3,0,"1,0063555240354356"
2023-06-26 22:45:00,-3,0,"1,0063555240354356"
2023-06-26 22:46:00,-3,0,"1,0063555240354356"
2023-06-26 22:47:00,-3,0,"1,0063555240354356"
2023-06-26 22:48:00,-3,0,"1,0066857337674822"
2023-06-26 22:49:00,-3,0,"1,0070158242902392"
2023-06-26 22:50:00,-3,0,"1,006850838633505"
2023-06-26 22:51:00,-3,0,"1,0063004493436645"
2023-06-26 22:52:00,-3,0,"1,006025314303389"
2023-06-26 22:53:00,-3,0,"1,006465554209688"
2023-06-26 22:54:00,-3,0,"1,0066857337674822"
2023-06-26 22:55:00,-3,0,"1,0073460340222855"
2023-06-26 22:56:00,-3,0,"1,0073460340222855"
2023-06-26 22:57:00,-3,0,"1,0076211690625614"
2023-06-26 22:58:00,-3,0,"1,0076762437543323"
2023-06-26 22:59:00,-3,0,"1,0076762437543323"
2023-06-26 23:00:00,-3,0,"1,0080063342770893"
2023-06-26 23:01:00,-3,0,"1,0087767839154351"
2023-06-26 23:02:00,-3,0,"1,0096572637280328"
2023-06-26 23:03:00,-3,0,"1,0099873542507898"
2023-06-26 23:04:00,-3,0,"1,0098773240765375"
2023-06-26 23:05:00,-3,0,"1,0093270539959862"
2023-06-26 23:06:00,-3,0,"1,0089968442639397"
2023-06-26 23:07:00,-3,0,"1,0089968442639397"
2023-06-26 23:08:00,-3,0,"1,0089418887814583"
2023-06-26 23:09:00,-3,0,"1,0077862739285848"
2023-06-26 23:10:00,-3,0,"1,0067957639417344"
2023-06-26 23:11:00,-3,0,"1,0073460340222855"
2023-06-26 23:12:00,-3,0,"1,0073460340222855"
2023-06-26 23:13:00,-3,0,"1,0076211690625614"
2023-06-26 23:14:00,-3,0,"1,0076762437543323"
2023-06-26 23:15:00,-3,0,"1,0076762437543323"
2023-06-26 23:16:00,-3,0,"1,0076762437543323"
2023-06-26 23:17:00,-3,0,"1,0076762437543323"
2023-06-26 23:18:00,-3,0,"1,007841229411066"
2023-06-26 23:19:00,-3,0,"1,0080063342770893"
2023-06-26 23:20:00,-3,0,"1,0080129006259906"
2023-06-26 23:21:00,-3,0,"1,0080063342984766"
2023-06-26 23:22:00,-3,0,"1,00833659809533"
2023-06-26 23:23:00,-3,0,"1,0083365440091374"
2023-06-26 23:24:00,-3,0,"1,008336544009136"
2023-06-26 23:25:00,-3,0,"1,008171452660235"
2023-06-26 23:26:00,-3,0,"1,0080063477986392"
2023-06-26 23:27:00,-3,0,"1,0080063342770893"
2023-06-26 23:28:00,-3,0,"1,0093279192190094"
2023-06-26 23:29:00,-3,0,"1,01086900877464"
2023-06-26 23:30:00,-3,0,"1,0107578100059154"
2023-06-26 23:31:00,-3,0,"1,010317659859692"
2023-06-26 23:32:00,-3,0,"1,0103175639828412"
2023-06-26 23:33:00,-3,0,"1,0103175639828366"
2023-06-26 23:34:00,-3,0,"1,0100975276003397"
2023-06-26 23:35:00,-3,0,"1,009987360259203"
2023-06-26 23:36:00,-3,0,"1,00998735425079"
2023-06-26 23:37:00,-3,0,"1,0099873542507898"
2023-06-26 23:38:00,-3,0,"1,0099873542507898"
2023-06-26 23:39:00,-3,0,"1,0109784692679653"
2023-06-26 23:40:00,-3,0,"1,011657855654006"
2023-06-26 23:41:00,-3,0,"1,0097140901499573"
2023-06-26 23:42:00,-3,0,"1,0074585890108667"
2023-06-26 23:43:00,-3,0,"1,0064660436184474"
2023-06-26 23:44:00,-3,0,"1,0063555301034883"
2023-06-26 23:45:00,-3,0,"1,0063555240354354"
2023-06-26 23:46:00,-3,0,"1,0063555240354354"
2023-06-26 23:47:00,-3,0,"1,0064106002342392"
2023-06-26 23:48:00,-3,0,"1,006685771375622"
2023-06-26 23:49:00,-3,0,"1,006685733767483"
2023-06-26 23:50:00,-3,0,"1,0063555781925886"
2023-06-26 23:51:00,-3,0,"1,0063555240354374"
2023-06-26 23:52:00,-3,0,"1,0063005700534702"
2023-06-26 23:53:00,-3,0,"1,0060253519490636"
2023-06-26 23:54:00,-3,0,"1,00602531430339"
2023-06-26 23:55:00,-3,0,"1,0060253143033888"
2023-06-26 23:56:00,-3,0,"1,006025314303389"
2023-06-26 23:57:00,-3,0,"1,0054751947146578"
2023-06-26 23:58:00,-3,0,"1,0040453124930018"
2023-06-26 23:59:00,-3,0,"1,0042644978065811"
2023-06-27 00:00:00,-3,0,"1,0053676645937304"
2023-06-27 00:01:00,-3,0,"1,00553013203986"
2023-06-27 00:02:00,-3,0,"1,0055301189146093"
2023-06-27 00:03:00,-3,0,"1,0032764950209598"
2023-06-27 00:04:00,-3,0,"1,00305380906187"
2023-06-27 00:05:00,-3,0,"1,0030537843428389"
2023-06-27 00:06:00,-3,0,"1,0030537843428389"
2023-06-27 00:07:00,-3,0,"1,0030537843428389"
2023-06-27 00:08:00,-3,0,"1,0030537843428389"
2023-06-27 00:09:00,-3,0,"1,0037144212199336"
2023-06-27 00:10:00,-3,0,"1,004374721110205"
2023-06-27 00:11:00,-3,0,"1,0037144209983335"
2023-06-27 00:12:00,-3,0,"1,0030540017556708"
2023-06-27 00:13:00,-3,0,"1,0030537843428615"
2023-06-27 00:14:00,-3,0,"1,002393701422555"
2023-06-27 00:15:00,-3,0,"1,0023934840880582"
2023-06-27 00:16:00,-3,0,"1,0023934840880346"
2023-06-27 00:17:00,-3,0,"1,0023934840880349"
2023-06-27 00:18:00,-3,0,"1,0025035203011528"
2023-06-27 00:19:00,-3,0,"1,0027237179977413"
2023-06-27 00:20:00,-3,0,"1,003558953515311"
2023-06-27 00:21:00,-3,0,"1,0058077679405588"
2023-06-27 00:22:00,-3,0,"1,0060254570650424"
2023-06-27 00:23:00,-3,0,"1,0063555781812843"
2023-06-27 00:24:00,-3,0,"1,006685787924638"
2023-06-27 00:25:00,-3,0,"1,0070158783905376"
2023-06-27 00:26:00,-3,0,"1,0070158242902407"
2023-06-27 00:27:00,-3,0,"1,0069058001271334"
2023-06-27 00:28:00,-3,0,"1,006355674398944"
2023-06-27 00:29:00,-3,0,"1,0063555240354467"
2023-06-27 00:30:00,-3,0,"1,0065206424451896"
2023-06-27 00:31:00,-3,0,"1,0065755858834708"
2023-06-27 00:32:00,-3,0,"1,0060254647137583"
2023-06-27 00:33:00,-3,0,"1,0054751947969174"
2023-06-27 00:34:00,-3,0,"1,0053650200854314"
2023-06-27 00:35:00,-3,0,"1,0054200902485433"
2023-06-27 00:36:00,-3,0,"1,005695261425822"
2023-06-27 00:37:00,-3,0,"1,0056952237806327"
2023-06-27 00:38:00,-3,0,"1,005530132467232"
2023-06-27 00:39:00,-3,0,"1,0053650276056587"
2023-06-27 00:40:00,-3,0,"1,0058184897247295"
2023-06-27 00:41:00,-3,0,"1,0075677320144234"
2023-06-27 00:42:00,-3,0,"1,0078963576772093"
2023-06-27 00:43:00,-3,0,"1,0080063402771375"
2023-06-27 00:44:00,-3,0,"1,007676297803454"
2023-06-27 00:45:00,-3,0,"1,0076762437543338"
2023-06-27 00:46:00,-3,0,"1,0076762437543323"
2023-06-27 00:47:00,-3,0,"1,0077862799357915"
2023-06-27 00:48:00,-3,0,"1,008281590976356"
2023-06-27 00:49:00,-3,0,"1,0096580828218744"
2023-06-27 00:50:00,-3,0,"1,0094921724957142"
2023-06-27 00:51:00,-3,0,"1,008667091196063"
2023-06-27 00:52:00,-3,0,"1,0093822628366649"
2023-06-27 00:53:00,-3,0,"1,0089969178472993"
2023-06-27 00:54:00,-3,0,"1,0087768079288624"
2023-06-27 00:55:00,-3,0,"1,0083366400820817"
2023-06-27 00:56:00,-3,0,"1,008116507694693"
2023-06-27 00:57:00,-3,0,"1,0080063402973172"
2023-06-27 00:58:00,-3,0,"1,0080063342770893"
2023-06-27 00:59:00,-3,0,"1,0086668507986027"
2023-06-27 01:00:00,-3,0,"1,0094504051876352"
2023-06-27 01:01:00,-3,0,"1,00965728492296"
2023-06-27 01:02:00,-3,0,"1,009657263728033"
2023-06-27 01:03:00,-3,0,"1,0088871080471846"
2023-06-27 01:04:00,-3,0,"1,0083366942344476"
2023-06-27 01:05:00,-3,0,"1,0079514524148527"
2023-06-27 01:06:00,-3,0,"1,0061370995866818"
2023-06-27 01:07:00,-3,0,"1,006025320513253"
2023-06-27 01:08:00,-3,0,"1,006025314303389"
2023-06-27 01:09:00,-3,0,"1,006025314303389"
2023-06-27 01:10:00,-3,0,"1,0055852898794182"
2023-06-27 01:11:00,-3,0,"1,004870073187726"
2023-06-27 01:12:00,-3,0,"1,004704727399386"
2023-06-27 01:13:00,-3,0,"1,004704713793782"
2023-06-27 01:14:00,-3,0,"1,004704713793782"
2023-06-27 01:15:00,-3,0,"1,0050349777897656"
2023-06-27 01:16:00,-3,0,"1,0048698322302472"
2023-06-27 01:17:00,-3,0,"1,0028357868171067"
2023-06-27 01:18:00,-3,0,"1,0023935816272866"
2023-06-27 01:19:00,-3,0,"1,0023934840880395"
2023-06-27 01:20:00,-3,0,"1,002393538467139"
2023-06-27 01:21:00,-3,0,"1,0023934840880362"
2023-06-27 01:22:00,-3,0,"1,0027237482091358"
2023-06-27 01:23:00,-3,0,"1,0023935384770877"
2023-06-27 01:24:00,-3,0,"1,0014034635385884"
2023-06-27 01:25:00,-3,0,"1,0007428918619128"
2023-06-27 01:26:00,-3,0,"1,0007426738464047"
2023-06-27 01:27:00,-3,0,"1,0014031919376165"
2023-06-27 01:28:00,-3,0,"1,0014029741012085"
2023-06-27 01:29:00,-3,0,"1,0014029741011845"
2023-06-27 01:30:00,-3,0,"1,001623177864538"
2023-06-27 01:31:00,-3,0,"1,0023937802930805"
2023-06-27 01:32:00,-3,0,"1,0023934840880786"
2023-06-27 01:33:00,-3,0,"1,0022285120089367"
2023-06-27 01:34:00,-3,0,"1,0007437752494135"
2023-06-27 01:35:00,-3,0,"1,0000825921550918"
2023-06-27 01:36:00,-3,0,"1,0000823735916011"
2023-06-27 01:37:00,-3,0,"1,0000823735915774"
2023-06-27 01:38:00,-3,0,"1,0000823735915771"
2023-06-27 01:39:00,-3,0,"1,0000823735915771"
2023-06-27 01:40:00,-3,0,"1,000118903615766"
2023-06-27 01:41:00,-3,0,"0,9999172294588256"
2023-06-27 01:42:00,-3,0,"0,99975217748404"
2023-06-27 01:43:00,-3,0,"0,9995320681417834"
2023-06-27 01:44:00,-3,0,"0,9985420247282744"
2023-06-27 01:45:00,-3,0,"0,9977714414483057"
2023-06-27 01:46:00,-3,0,"0,9977711438858748"
2023-06-27 01:47:00,-3,0,"0,9999195767958243"
2023-06-27 01:48:00,-3,0,"1,0004125855930586"
2023-06-27 01:49:00,-3,0,"1,000412464114342"
2023-06-27 01:50:00,-3,0,"1,000962885531046"
2023-06-27 01:51:00,-3,0,"1,0010727704000106"
2023-06-27 01:52:00,-3,0,"1,001072764369138"
2023-06-27 01:53:00,-3,0,"1,0017883949221642"
2023-06-27 01:54:00,-3,0,"1,0027241304312629"
2023-06-27 01:55:00,-3,0,"1,0027236938201762"
2023-06-27 01:56:00,-3,0,"1,002173574726868"
2023-06-27 01:57:00,-3,0,"1,001293330841248"
2023-06-27 01:58:00,-3,0,"1,001072788662503"
2023-06-27 01:59:00,-3,0,"1,0010727643691384"
2023-06-27 02:00:00,-3,0,"1,0010736344369322"
2023-06-27 02:01:00,-3,0,"1,0010727643695163"
2023-06-27 02:02:00,-3,0,"1,0008527282079644"
2023-06-27 02:03:00,-3,0,"1,0004125609479977"
2023-06-27 02:04:00,-3,0,"1,0004124641143393"
2023-06-27 02:05:00,-3,0,"1,0004124641143344"
2023-06-27 02:06:00,-3,0,"0,9992575762448017"
2023-06-27 02:07:00,-3,0,"0,9990918177505095"
2023-06-27 02:08:00,-3,0,"0,9990367904284189"
2023-06-27 02:09:00,-3,0,"0,9987616917592353"
2023-06-27 02:10:00,-3,0,"0,9982114758274935"
2023-06-27 02:11:00,-3,0,"0,9971113908729624"
2023-06-27 02:12:00,-3,0,"0,9960658077336177"
2023-06-27 02:13:00,-3,0,"0,9954601580269592"
2023-06-27 02:14:00,-3,0,"0,9972224309344256"
2023-06-27 02:15:00,-3,0,"0,9974409580921025"
2023-06-27 02:16:00,-3,0,"0,9966158705735395"
2023-06-27 02:17:00,-3,0,"0,9957904659985692"
2023-06-27 02:18:00,-3,0,"0,9959002197387632"
2023-06-27 02:19:00,-3,0,"0,9960103095540818"
2023-06-27 02:20:00,-3,0,"0,9960185936645689"
2023-06-27 02:21:00,-3,0,"0,9949652763372445"
2023-06-27 02:22:00,-3,0,"0,9939746428517102"
2023-06-27 02:23:00,-3,0,"0,9934790774095654"
2023-06-27 02:24:00,-3,0,"0,9952413544629678"
2023-06-27 02:25:00,-3,0,"0,9959554251573656"
2023-06-27 02:26:00,-3,0,"0,996120287682288"
2023-06-27 02:27:00,-3,0,"0,9956801910005834"
2023-06-27 02:28:00,-3,0,"0,9949099422587866"
2023-06-27 02:29:00,-3,0,"0,995625335669019"
2023-06-27 02:30:00,-3,0,"1,0020842089202064"
2023-06-27 02:31:00,-3,0,"1,002228508819382"
2023-06-27 02:32:00,-3,0,"1,0031643702634323"
2023-06-27 02:33:00,-3,0,"1,0038244510045051"
2023-06-27 02:34:00,-3,0,"1,0040443184031644"
2023-06-27 02:35:00,-3,0,"1,003769196993196"
2023-06-27 02:36:00,-3,0,"1,0032740860680676"
2023-06-27 02:37:00,-3,0,"1,0030538085300722"
2023-06-27 02:38:00,-3,0,"1,0029988303671376"
2023-06-27 02:39:00,-3,0,"1,0027237315569746"
2023-06-27 02:40:00,-3,0,"1,002727163527091"
2023-06-27 02:41:00,-3,0,"1,0012939696226228"
2023-06-27 02:42:00,-3,0,"1,0012929439274576"
2023-06-27 02:43:00,-3,0,"1,0023940889003693"
2023-06-27 02:44:00,-3,0,"1,0023934840882172"
2023-06-27 02:45:00,-3,0,"1,0023934840880349"
2023-06-27 02:46:00,-3,0,"1,0023934840880349"
2023-06-27 02:47:00,-3,0,"1,0027787233015686"
2023-06-27 02:48:00,-3,0,"1,0030538220673006"
2023-06-27 02:49:00,-3,0,"1,0031088605445324"
2023-06-27 02:50:00,-3,0,"1,0033840318068117"
2023-06-27 02:51:00,-3,0,"1,0034940302779047"
2023-06-27 02:52:00,-3,0,"1,0040995516010185"
2023-06-27 02:53:00,-3,0,"1,0045948056969247"
2023-06-27 02:54:00,-3,0,"1,0047047198060517"
2023-06-27 02:55:00,-3,0,"1,0047047137937817"
2023-06-27 02:56:00,-3,0,"1,0048147499930078"
2023-06-27 02:57:00,-3,0,"1,005034947647879"
2023-06-27 02:58:00,-3,0,"1,005034923525829"
2023-06-27 02:59:00,-3,0,"1,005310096226134"
2023-06-27 03:00:00,-3,0,"1,0053742158808436"
2023-06-27 03:01:00,-3,0,"1,005365014090696"
2023-06-27 03:02:00,-3,0,"1,0050899166559863"
2023-06-27 03:03:00,-3,0,"1,0055302153129635"
2023-06-27 03:04:00,-3,0,"1,0060255554588229"
2023-06-27 03:05:00,-3,0,"1,0062455179027698"
2023-06-27 03:06:00,-3,0,"1,0066858300610828"
2023-06-27 03:07:00,-3,0,"1,0069058181474095"
2023-06-27 03:08:00,-3,0,"1,0041582027844065"
2023-06-27 03:09:00,-3,0,"1,0030543916874233"
2023-06-27 03:10:00,-3,0,"1,0030537843430225"
2023-06-27 03:11:00,-3,0,"1,0054779665483888"
2023-06-27 03:12:00,-3,0,"1,007017000351035"
2023-06-27 03:13:00,-3,0,"1,007015824290926"
2023-06-27 03:14:00,-3,0,"1,0074561604269896"
2023-06-27 03:15:00,-3,0,"1,0076762677934283"
2023-06-27 03:16:00,-3,0,"1,0073460881340808"
2023-06-27 03:17:00,-3,0,"1,0070158784296297"
2023-06-27 03:18:00,-3,0,"1,0070158242902407"
2023-06-27 03:19:00,-3,0,"1,006850852148818"
2023-06-27 03:20:00,-3,0,"1,0067429443611091"
2023-06-27 03:21:00,-3,0,"1,0066857353930472"
2023-06-27 03:22:00,-3,0,"1,006850852172527"
2023-06-27 03:23:00,-3,0,"1,0070158378055478"
2023-06-27 03:24:00,-3,0,"1,0063557405237264"
2023-06-27 03:25:00,-3,0,"1,0056954405441236"
2023-06-27 03:26:00,-3,0,"1,0056952237806551"
2023-06-27 03:27:00,-3,0,"1,005695223780632"
2023-06-27 03:28:00,-3,0,"1,005530132467232"
2023-06-27 03:29:00,-3,0,"1,0055301189146089"
2023-06-27 03:30:00,-3,0,"1,0059153578973112"
2023-06-27 03:31:00,-3,0,"1,006686028761975"
2023-06-27 03:32:00,-3,0,"1,0066857337675257"
2023-06-27 03:33:00,-3,0,"1,006355578192589"
2023-06-27 03:34:00,-3,0,"1,0060253684960812"
2023-06-27 03:35:00,-3,0,"1,0060253143033904"
2023-06-27 03:36:00,-3,0,"1,005805278023144"
2023-06-27 03:37:00,-3,0,"1,0047053159190884"
2023-06-27 03:38:00,-3,0,"1,0047047137939624"
2023-06-27 03:39:00,-3,0,"1,0044845583620003"
2023-06-27 03:40:00,-3,0,"1,0040451639042196"
2023-06-27 03:41:00,-3,0,"1,0040442943300654"
2023-06-27 03:42:00,-3,0,"1,0040442943296886"
2023-06-27 03:43:00,-3,0,"1,0032742594099906"
2023-06-27 03:44:00,-3,0,"1,0012400548781333"
2023-06-27 03:45:00,-3,0,"1,0004128061434356"
2023-06-27 03:46:00,-3,0,"1,000082428161886"
2023-06-27 03:47:00,-3,0,"1,0000823735915787"
2023-06-27 03:48:00,-3,0,"1,0007428918266383"
2023-06-27 03:49:00,-3,0,"1,0007426738464047"
2023-06-27 03:50:00,33615550,7578,"1,0009945654387102"
2023-06-27 03:51:00,42331451,520,"1,0003999134873942"
2023-06-27 03:52:00,43916602,16,"1,0004115692301565"
2023-06-27 03:53:00,45742990,22,"1,000425253152026"
2023-06-27 03:54:00,47394510,18,"1,0004376264031536"
2023-06-27 03:55:00,48681650,11,"1,0004472693709754"
2023-06-27 03:56:00,50349386,18,"1,000349721197756"
2023-06-27 03:57:00,52570904,34,"0,999981360149172"
2023-06-27 03:58:00,54262367,21,"0,9991692343348039"
2023-06-27 03:59:00,55773052,16,"0,9985753765432365"
2023-06-27 04:00:00,55953570,2,"0,9981914857497048"
2023-06-27 04:01:00,55446253,1,"0,9973629566095324"
2023-06-27 04:02:00,54843860,2,"0,9971930659185229"
2023-06-27 04:03:00,53909741,5,"0,9971860317745804"
2023-06-27 04:04:00,54146720,1,"0,9955389841820618"
2023-06-27 04:05:00,53755447,0,"0,9930624297560204"
2023-06-27 04:06:00,53478239,0,"0,9919028452118016"
2023-06-27 04:07:00,52962052,9,"0,9980781217609908"
2023-06-27 04:08:00,52693146,1,"1,0004802118199212"
2023-06-27 04:09:00,50940918,74,"1,015761467026432"
2023-06-27 04:10:00,49684108,2,"1,0086756913427033"
2023-06-27 04:11:00,47556732,24,"1,0067116588433007"
2023-06-27 04:12:00,46645362,5,"1,0067029867780182"
2023-06-27 04:13:00,46896280,0,"1,0067048549309494"
2023-06-27 04:14:00,46936801,0,"1,0053857622516569"
2023-06-27 04:15:00,47965470,7,"1,0053925647507658"
2023-06-27 04:16:00,47839961,0,"1,0061070049420626"
2023-06-27 04:17:00,47577332,0,"1,0063798696217543"
2023-06-27 04:18:00,46999258,1,"1,0058255985715754"
2023-06-27 04:19:00,45923654,7,"1,00559747142965"
2023-06-27 04:20:00,46364001,14300,"1,0050507682957237"
2023-06-27 04:21:00,43957610,38,"1,0050327022729513"
2023-06-27 04:22:00,40140582,95,"1,0045642216295136"
2023-06-27 04:23:00,39047456,7,"1,0043358761846914"
2023-06-27 04:24:00,38827286,0,"1,0042792705707866"
2023-06-27 04:25:00,38657514,0,"1,0040029835686015"
2023-06-27 04:26:00,38602810,0,"1,004002537448577"
2023-06-27 04:27:00,38289062,0,"1,004000194927791"
2023-06-27 04:28:00,38050311,0,"1,0039433547401635"
2023-06-27 04:29:00,37961399,0,"1,003667669698486"
2023-06-27 04:30:00,37813381,0,"1,0036665264870148"
2023-06-27 04:31:00,37688353,0,"1,0036655926733562"
2023-06-27 04:32:00,37207150,0,"1,0011346031649286"
2023-06-27 04:33:00,36864230,0,"1,0000292154364394"
2023-06-27 04:34:00,36277798,2,"0,9998041753419052"
2023-06-27 04:35:00,36187773,0,"0,9992535067388589"
2023-06-27 04:36:00,35673991,1,"0,9983697047025616"
2023-06-27 04:37:00,35505111,0,"0,9977080838702183"
2023-06-27 04:38:00,34986586,1,"0,9970440021244548"
2023-06-27 04:39:00,33860894,7,"0,9958257940022525"
2023-06-27 04:40:00,32619636,7216,"0,9954271644500926"
2023-06-27 04:41:00,31695031,6,"0,9953686208442925"
2023-06-27 04:42:00,30287053,13,"0,9953580150203252"
2023-06-27 04:43:00,29505959,4,"0,9953521318119811"
2023-06-27 04:44:00,28784384,3,"0,9956218100325509"
2023-06-27 04:45:00,28324811,1,"0,9963337305408483"
2023-06-27 04:46:00,27715940,2,"0,9963288920141768"
2023-06-27 04:47:00,27346584,0,"0,9958860609816224"
2023-06-27 04:48:00,26783319,1,"0,9952217758183071"
2023-06-27 04:49:00,26176088,2,"0,9946669736514625"
2023-06-27 04:50:00,25793631,0,"0,9946639386075711"
2023-06-27 04:51:00,25481201,0,"0,9946615836277491"
2023-06-27 04:52:00,25766367,0,"0,9949938735746712"
2023-06-27 04:53:00,26650115,5,"0,9950004778712846"
2023-06-27 04:54:00,28126188,14,"0,994901599230109"
2023-06-27 04:55:00,29892139,21,"0,9946948545735288"
2023-06-27 04:56:00,31178595,11,"0,9947045259326771"
2023-06-27 04:57:00,31261271,0,"0,994705148966335"
2023-06-27 04:58:00,31673949,1,"0,9944881568492508"
2023-06-27 04:59:00,31656759,0,"0,9940480256776317"
2023-06-27 05:00:00,32276812,3568,"0,9929672222392129"
2023-06-27 05:01:00,32996882,2,"0,9931227856836957"
2023-06-27 05:02:00,34619295,17,"0,9931900827706616"
2023-06-27 05:03:00,36073505,15,"0,992761035587176"
2023-06-27 05:04:00,37917770,23,"0,9927748637501331"
2023-06-27 05:05:00,39710906,24,"0,9913041989716433"
2023-06-27 05:06:00,40823323,9,"0,9908165222790721"
2023-06-27 05:07:00,41170390,0,"0,9947324681105943"
2023-06-27 05:08:00,41149754,1,"1,0007388641928925"
2023-06-27 05:09:00,40988114,0,"1,00060962784449"
2023-06-27 05:10:00,41030131,0,"0,9999500549705421"
2023-06-27 05:11:00,40926835,0,"0,9993990535582602"
2023-06-27 05:12:00,40660000,0,"0,9993969006449543"
2023-06-27 05:13:00,39933053,3,"0,9993914482313699"
2023-06-27 05:14:00,39081212,4,"0,9993850589418074"
2023-06-27 05:15:00,37023925,28,"0,9992046420187496"
2023-06-27 05:16:00,34920701,24,"0,9962773577160665"
2023-06-27 05:17:00,33051195,22,"0,9956540267897928"
2023-06-27 05:18:00,31921169,7,"0,9943807972502211"
2023-06-27 05:19:00,31630255,0,"0,994377799299944"
2023-06-27 05:20:00,32441740,3,"0,9952098506585187"
2023-06-27 05:21:00,34010313,16,"0,995606135024162"
2023-06-27 05:22:00,35674870,18,"0,996058812505164"
2023-06-27 05:23:00,37779409,25,"0,9980569194556252"
2023-06-27 05:24:00,40527879,47,"0,9993967812238383"
2023-06-27 05:25:00,44394980,100,"0,9994249140480912"
2023-06-27 05:26:00,49127847,153,"0,9990204275967309"
2023-06-27 05:27:00,54867004,220,"0,9991734362068416"
2023-06-27 05:28:00,62248333,365,"0,9993387762766506"
2023-06-27 05:29:00,72007451,634,"0,999742030643976"
2023-06-27 05:30:00,82230699,718,"0,999048910220292"
2023-06-27 05:31:00,91214330,549,"0,998786102652444"
2023-06-27 05:32:00,97819075,291,"0,9989455328015043"
2023-06-27 05:33:00,102759364,150,"1,0000278330025811"
2023-06-27 05:34:00,105529939,40,"1,0015337899171084"
2023-06-27 05:35:00,107681788,35,"1,0008891079298294"
2023-06-27 05:36:00,110126323,46,"1,0000278725837126"
2023-06-27 05:37:00,116131583,250,"0,9996326948969514"
2023-06-27 05:38:00,125921235,395,"1,0083745735731473"
2023-06-27 05:39:00,138092771,787,"1,01316636701584"
2023-06-27 05:40:00,155568545,10,"1,0153182129037692"
2023-06-27 05:41:00,175388989,2545,"1,015574207811304"
2023-06-27 05:42:00,196880566,3000,"1,0157325207829837"
2023-06-27 05:43:00,216729770,2558,"1,0158786739802526"
2023-06-27 05:44:00,236364431,2501,"1,0160231920430651"
2023-06-27 05:45:00,253523395,1743,"1,0176885629413934"
2023-06-27 05:46:00,264983558,1584,"1,0097301095598463"
2023-06-27 05:47:00,260774158,89,"1,0086238950004882"
2023-06-27 05:48:00,245211855,1593,"1,008507992354338"
2023-06-27 05:49:00,225721612,2469,"1,008088856216505"
2023-06-27 05:50:00,206270357,2535,"1,00832916470359"
2023-06-27 05:51:00,190981607,1506,"1,007776134355017"
2023-06-27 05:52:00,181179652,634,"1,0077032628157607"
2023-06-27 05:53:00,175749810,193,"1,0076079405842533"
2023-06-27 05:54:00,154537989,3006,"1,0078353243353402"
2023-06-27 05:55:00,153783110,3,"1,0072801283678994"
2023-06-27 05:56:00,131942299,3144,"1,0070076370209962"
2023-06-27 05:57:00,121769165,684,"1,0069319722180272"
2023-06-27 05:58:00,113103384,467,"1,0057136573477845"
2023-06-27 05:59:00,105611908,361,"1,0051624019382353"
2023-06-27 06:00:00,99366256,4,"1,0057755534970645"
2023-06-27 06:01:00,91828067,376,"1,0057194134384435"
2023-06-27 06:02:00,84969364,299,"1,0048437776912291"
2023-06-27 06:03:00,78534475,266,"1,0041357630104868"
2023-06-27 06:04:00,73999594,123,"1,0025079999557684"
2023-06-27 06:05:00,71331949,38,"1,0006186670061987"
2023-06-27 06:06:00,71054816,0,"0,9999549943869152"
2023-06-27 06:07:00,72859755,20,"1,0002983242395325"
2023-06-27 06:08:00,76035407,65,"1,0006520729125843"
2023-06-27 06:09:00,79820582,96,"1,000680358728259"
2023-06-27 06:10:00,85243132,189,"1,001381171386276"
2023-06-27 06:11:00,93284227,420,"1,002101163978478"
2023-06-27 06:12:00,102846185,610,"1,002172415085588"
2023-06-27 06:13:00,113064965,741,"1,0008203148133157"
2023-06-27 06:14:00,122804483,645,"1,0005623090386069"
2023-06-27 06:15:00,131801704,559,"1,0000800004215522"
2023-06-27 06:16:00,139546361,402,"1,0001378202207647"
2023-06-27 06:17:00,146871070,359,"1,0001926399678338"
2023-06-27 06:18:00,155472583,470,"1,0009718057003198"
2023-06-27 06:19:00,163478525,404,"1,0017461034765305"
2023-06-27 06:20:00,169613011,10,"1,0020115714674225"
2023-06-27 06:21:00,168731060,6,"1,002279811926085"
2023-06-27 06:22:00,160036946,506,"1,002269753135954"
2023-06-27 06:23:00,146281734,1262,"1,0021670329532648"
2023-06-27 06:24:00,134270905,953,"1,0018574940884295"
2023-06-27 06:25:00,123873555,710,"1,0014499148288325"
2023-06-27 06:26:00,115518362,464,"1,0012774552346675"
2023-06-27 06:27:00,109275692,261,"1,0012857885363105"
2023-06-27 06:28:00,106102755,75,"1,0021971852457865"
2023-06-27 06:29:00,106713917,2,"1,0023663019823357"
2023-06-27 06:30:00,110238024,81,"1,0025576014588444"
2023-06-27 06:31:00,116760736,290,"1,0022764410423186"
2023-06-27 06:32:00,124565613,466,"1,0000831777022186"
2023-06-27 06:33:00,135248484,792,"0,9994462189449171"
2023-06-27 06:34:00,148683164,1211,"0,9995465814787056"
2023-06-27 06:35:00,164789147,1770,"0,9992275718712273"
2023-06-27 06:36:00,178844066,1340,"0,9991129139238472"
2023-06-27 06:37:00,189642345,782,"0,999193739637248"
2023-06-27 06:38:00,196358711,322,"0,9986947079402222"
2023-06-27 06:39:00,200735245,131,"0,9986174151181028"
2023-06-27 06:40:00,206036620,9,"0,9998110096688608"
2023-06-27 06:41:00,215893084,605,"1,0007091481048207"
2023-06-27 06:42:00,225574012,630,"1,000715216040898"
2023-06-27 06:43:00,236985249,889,"1,0005368621042223"
2023-06-27 06:44:00,247047381,677,"1,0006120024136085"
2023-06-27 06:45:00,241940390,170,"1,000463960486772"
2023-06-27 06:46:00,213908801,5221,"1,0000347886052705"
2023-06-27 06:47:00,179469473,7948,"0,9997771495770327"
2023-06-27 06:48:00,160300041,2464,"0,999633629728073"
2023-06-27 06:49:00,161248736,6,"0,9996407155319811"
2023-06-27 06:50:00,172112013,791,"0,9997220377882717"
2023-06-27 06:51:00,187865822,1723,"0,9990708667352206"
2023-06-27 06:52:00,208142803,2844,"0,99845348558668"
2023-06-27 06:53:00,230883443,3626,"0,9975254628711907"
2023-06-27 06:54:00,252980263,3021,"0,9995045565012366"
2023-06-27 06:55:00,267993227,1422,"1,0004392377510651"
2023-06-27 06:56:00,275517945,324,"1,0014840598592991"
2023-06-27 06:57:00,277836993,35,"1,0015008702397683"
2023-06-27 06:58:00,275452771,37,"1,0014830816788565"
2023-06-27 06:59:00,272028509,78,"1,0014575321373134"
2023-06-27 07:00:00,263516139,4,"1,0013940095421765"
2023-06-27 07:01:00,253993320,619,"1,001542725011627"
2023-06-27 07:02:00,243109222,922,"1,0032206726926416"
2023-06-27 07:03:00,229671059,1545,"1,0069718352307064"
2023-06-27 07:04:00,223727969,271,"1,0080196251454667"
2023-06-27 07:05:00,219392675,123,"1,0079868691807292"
2023-06-27 07:06:00,213234978,249,"1,0079411838776502"
2023-06-27 07:07:00,204798384,469,"1,0078785818299827"
2023-06-27 07:08:00,194339520,721,"1,0078009586785064"
2023-06-27 07:09:00,185539692,510,"1,0077356326899114"
2023-06-27 07:10:00,178502455,319,"1,0074636357301636"
2023-06-27 07:11:00,174401386,103,"1,0069935736213604"
2023-06-27 07:12:00,173275774,8,"1,006985112698536"
2023-06-27 07:13:00,175029963,25,"1,0063389167244814"
2023-06-27 07:14:00,181136301,242,"1,0065489992709402"
2023-06-27 07:15:00,189246746,428,"1,006774037433869"
2023-06-27 07:16:00,195926055,325,"1,005944830688448"
2023-06-27 07:17:00,197548176,54,"1,0028293543752036"
2023-06-27 07:18:00,196106533,11,"1,0025390146342144"
2023-06-27 07:19:00,192560701,102,"1,0035021004955629"
2023-06-27 07:20:00,192585325,5201,"1,005320774112906"
2023-06-27 07:21:00,194154946,6,"1,0061514711188586"
2023-06-27 07:22:00,197667764,81,"1,0061772536008966"
2023-06-27 07:23:00,196504539,8,"1,0061686052419585"
2023-06-27 07:24:00,189024928,361,"1,0058931482613915"
2023-06-27 07:25:00,180007446,533,"1,0057161760152546"
2023-06-27 07:26:00,170733355,533,"1,0047683064961257"
2023-06-27 07:27:00,163547880,309,"1,00361568207368"
2023-06-27 07:28:00,162157751,13,"1,0037696305607706"
2023-06-27 07:29:00,167101143,166,"1,0036415856630163"
2023-06-27 07:30:00,178699912,895,"1,0037280474803036"
2023-06-27 07:31:00,197609595,2527,"1,002331652601918"
2023-06-27 07:32:00,220875115,3726,"1,0016254741379944"
2023-06-27 07:33:00,247049907,4590,"1,0017105676351856"
2023-06-27 07:34:00,272792448,4440,"1,0017928070123323"
2023-06-27 07:35:00,296981730,3900,"1,0019731825740084"
2023-06-27 07:36:00,319085650,4269,"0,9970456042107395"
2023-06-27 07:37:00,341427686,2224,"1,0033110075509493"
2023-06-27 07:38:00,387441445,13865,"1,0040736399572323"
2023-06-27 07:39:00,479132041,55408,"1,0049739498804098"
2023-06-27 07:40:00,458741219,22,"1,004822321931427"
2023-06-27 07:41:00,438499252,2709,"1,0046721472954954"
2023-06-27 07:42:00,466342828,5070,"1,0050432932952502"
2023-06-27 07:43:00,490651241,3954,"1,0050590020579124"
2023-06-27 07:44:00,510243617,2534,"1,0052041960823963"
2023-06-27 07:45:00,497276786,1110,"1,0051080840461084"
2023-06-27 07:46:00,524964890,5060,"1,0053132871816532"
2023-06-27 07:47:00,571075147,14018,"1,005654777159432"
2023-06-27 07:48:00,622831713,17636,"1,0060376541202078"
2023-06-27 07:49:00,631877860,538,"1,0061044140541913"
2023-06-27 07:50:00,661397835,5646,"1,0064869082115335"
2023-06-27 07:51:00,722757204,24527,"1,0071040753612162"
2023-06-27 07:52:00,745478428,3383,"1,0072714671765013"
2023-06-27 07:53:00,886301418,129654,"1,008309002406328"
2023-06-27 07:54:00,1126509744,1,"1,0099059783014566"
2023-06-27 07:55:00,1355486867,1,"1,0108689828964443"
2023-06-27 07:56:00,1029856534,13,"1,007068100738174"
2023-06-27 07:57:00,748378517,5,"1,0043376984286423"
2023-06-27 07:58:00,772354852,3350,"1,005445569325935"
2023-06-27 07:59:00,811478458,8961,"1,0071022945238213"
2023-06-27 08:00:00,619553870,25,"1,0063418925389318"
2023-06-27 08:01:00,565791215,19298,"1,0062733142363556"
2023-06-27 08:02:00,520280193,14237,"1,0068688313783911"
2023-06-27 08:03:00,496249803,3816,"1,0067452784700912"
2023-06-27 08:04:00,476966601,2488,"1,0067671912722596"
2023-06-27 08:05:00,452354097,4071,"1,0068590911938646"
2023-06-27 08:06:00,396161651,20946,"1,0066624320371311"
2023-06-27 08:07:00,346646517,16175,"1,0062952272299528"
2023-06-27 08:08:00,296524811,16892,"1,0066372686249172"
2023-06-27 08:09:00,279756999,1924,"1,0071166168949774"
2023-06-27 08:10:00,270972925,425,"1,005624491635946"
2023-06-27 08:11:00,255740445,1666,"1,0067192852480793"
2023-06-27 08:12:00,229568381,4562,"1,0067439197578183"
2023-06-27 08:13:00,197304037,6631,"1,0050766751390587"
2023-06-27 08:14:00,172900560,3901,"1,0044543935104515"
2023-06-27 08:15:00,155544990,1946,"1,0035557060186957"
2023-06-27 08:16:00,145357079,622,"1,0016671070004914"
2023-06-27 08:17:00,141244763,105,"1,0011401775280908"
2023-06-27 08:18:00,140589793,2,"1,0011351562343926"
2023-06-27 08:19:00,142772666,31,"1,0011514780616708"
2023-06-27 08:20:00,146024317,13940,"1,0008486967345982"
2023-06-27 08:21:00,151192382,186,"1,0006647438666196"
2023-06-27 08:22:00,163870904,1082,"1,0006495954912282"
2023-06-27 08:23:00,188066341,3917,"1,000830509814027"
2023-06-27 08:24:00,225668189,9453,"1,001111501961679"
2023-06-27 08:25:00,266259092,11003,"1,0014145533488483"
2023-06-27 08:26:00,295738488,5797,"1,001634442884276"
2023-06-27 08:27:00,305692439,689,"1,0013792923978246"
2023-06-27 08:28:00,297479884,428,"1,0009886102472898"
2023-06-27 08:29:00,277427608,2685,"1,000838897855883"
2023-06-27 08:30:00,263214481,1349,"1,0007327620641653"
2023-06-27 08:31:00,252703138,723,"1,000434570536607"
2023-06-27 08:32:00,245787018,300,"0,9999435924782586"
2023-06-27 08:33:00,241163748,143,"0,9999089314515432"
2023-06-27 08:34:00,234763559,278,"0,9999709228661373"
2023-06-27 08:35:00,228546828,280,"1,0004739169194987"
2023-06-27 08:36:00,228115817,1,"1,000415622647474"
2023-06-27 08:37:00,236837197,523,"1,000206189968204"
2023-06-27 08:38:00,246345257,605,"1,000277213548254"
2023-06-27 08:39:00,249333789,56,"1,000464294228136"
2023-06-27 08:40:00,250153559,1,"1,0032716059974518"
2023-06-27 08:41:00,233273571,1895,"1,0031458327671177"
2023-06-27 08:42:00,194024186,10257,"1,0028532401553771"
2023-06-27 08:43:00,157695631,8797,"1,0025821464553688"
2023-06-27 08:44:00,126408028,6400,"1,0011397994223437"
2023-06-27 08:45:00,100163542,4554,"1,0001731519951678"
2023-06-27 08:46:00,81534467,2328,"1,0000333077541406"
2023-06-27 08:47:00,68154723,1201,"0,999933051914304"
2023-06-27 08:48:00,61198476,309,"0,9984518457102598"
2023-06-27 08:49:00,59397019,20,"0,9980523806901128"
2023-06-27 08:50:00,60697750,13,"0,997237326327072"
2023-06-27 08:51:00,61539830,4,"0,9972433126664917"
2023-06-27 08:52:00,62225395,2,"0,9974685053374504"
2023-06-27 08:53:00,62839709,2,"0,9978582131383341"
2023-06-27 08:54:00,63574430,3,"0,9975886908068871"
2023-06-27 08:55:00,65319219,20,"0,9976017589513402"
2023-06-27 08:56:00,68237881,57,"0,9976236816511325"
2023-06-27 08:57:00,70088150,23,"0,9976375783286323"
2023-06-27 08:58:00,72110824,27,"0,9976527695394096"
2023-06-27 08:59:00,76000651,102,"0,9976819825560193"
2023-06-27 09:00:00,83979655,438,"0,9973019974413632"
2023-06-27 09:01:00,96279026,1027,"0,9971744425697296"
2023-06-27 09:02:00,109243353,1133,"0,9972717860749315"
2023-06-27 09:03:00,119364436,701,"0,9970179195051314"
2023-06-27 09:04:00,114318437,164,"0,9964852572381246"
2023-06-27 09:05:00,98262253,1674,"0,9948809115186934"
2023-06-27 09:06:00,81128353,1977,"0,9944208976618522"
2023-06-27 09:07:00,67015819,1337,"0,9937646642149432"
2023-06-27 09:08:00,56964286,685,"0,9935786733923185"
2023-06-27 09:09:00,50256407,303,"0,9931980375083941"
2023-06-27 09:10:00,45844483,128,"0,9925048362186984"
2023-06-27 09:11:00,42533562,75,"0,9925896123830088"
2023-06-27 09:12:00,40686844,24,"0,9933461107722741"
2023-06-27 09:13:00,40532851,0,"0,993454711558516"
2023-06-27 09:14:00,40924443,1,"0,9932376329906265"
2023-06-27 09:15:00,42383371,15,"0,9928086182947373"
2023-06-27 09:16:00,44180299,21,"0,9928220871959802"
2023-06-27 09:17:00,45784130,17,"0,9929442528751348"
2023-06-27 09:18:00,48959740,66,"0,9935184354556912"
2023-06-27 09:19:00,54689677,221,"0,9937265573328888"
2023-06-27 09:20:00,62721145,1159,"0,9963729875265379"
2023-06-27 09:21:00,71524746,518,"0,9967684202350832"
2023-06-27 09:22:00,79787236,463,"0,9967205111918545"
2023-06-27 09:23:00,89185679,611,"0,9961315052014089"
2023-06-27 09:24:00,98121812,540,"0,996198479246439"
2023-06-27 09:25:00,100980608,52,"0,9965498631612318"
2023-06-27 09:26:00,95130653,238,"0,9969459219742492"
2023-06-27 09:27:00,82288668,1120,"0,9970693403177043"
2023-06-27 09:28:00,69564923,1093,"0,9969737014821056"
2023-06-27 09:29:00,58717165,794,"0,996892162169396"
2023-06-27 09:30:00,50568561,448,"0,9968308984552525"
2023-06-27 09:31:00,44620084,237,"0,996511105583304"
2023-06-27 09:32:00,41392886,68,"0,9958818795576443"
2023-06-27 09:33:00,42203165,4,"0,9956127847952472"
2023-06-27 09:34:00,48640605,282,"0,9954961804942477"
2023-06-27 09:35:00,61525642,1124,"0,9955931698277979"
2023-06-27 09:36:00,81402994,2664,"0,9960178266140767"
2023-06-27 09:37:00,107764191,4695,"0,9962709982304202"
2023-06-27 09:38:00,142983210,8455,"0,9959311576039869"
2023-06-27 09:39:00,185516354,12430,"0,9952069622077507"
2023-06-27 09:40:00,234315463,3,"0,9955729664819347"
2023-06-27 09:41:00,291225541,21750,"0,9962748416912136"
2023-06-27 09:42:00,340718806,16475,"0,9967005630633293"
2023-06-27 09:43:00,370925597,6138,"0,9969266694689117"
2023-06-27 09:44:00,396073697,4163,"0,9974440717058003"
2023-06-27 09:45:00,402956948,284,"0,9979344754711"
2023-06-27 09:46:00,370788471,7129,"0,9982427937142474"
2023-06-27 09:47:00,302792718,30903,"0,9975145405905128"
2023-06-27 09:48:00,238457184,27659,"0,9965931412882963"
2023-06-27 09:49:00,199849943,9999,"0,9960285215377321"
2023-06-27 09:50:00,176243829,3850,"0,9966207943957746"
2023-06-27 09:51:00,155742296,2880,"0,9969613404711266"
2023-06-27 09:52:00,133692837,3252,"0,9964658946957933"
2023-06-27 09:53:00,115057521,2346,"0,9963258008162386"
2023-06-27 09:54:00,105441382,639,"0,996803492922413"
2023-06-27 09:55:00,103122700,36,"0,996895925892284"
2023-06-27 09:56:00,104679754,14,"0,9972375618575906"
2023-06-27 09:57:00,104441371,0,"0,997235716811673"
2023-06-27 09:58:00,99589869,158,"0,9971992806588963"
2023-06-27 09:59:00,95444010,115,"0,9971681399300154"
2023-06-27 10:00:00,90176868,1,"0,9981184104759409"
2023-06-27 10:01:00,83303178,323,"0,9983968202418056"
2023-06-27 10:02:00,72682978,774,"0,998977288151031"
2023-06-27 10:03:00,62640262,698,"1,0000574185236524"
2023-06-27 10:04:00,56562308,249,"1,0001762494015076"
2023-06-27 10:05:00,56720692,0,"0,9996824991199528"
2023-06-27 10:06:00,64560860,420,"0,9991362809975198"
2023-06-27 10:07:00,79878345,1614,"0,998041856585544"
2023-06-27 10:08:00,99812811,2605,"0,9996214404898844"
2023-06-27 10:09:00,118680279,2320,"1,0009720419160704"
2023-06-27 10:10:00,139336600,2966,"0,999642632596862"
2023-06-27 10:11:00,165383376,4727,"0,9982439387483274"
2023-06-27 10:12:00,180554264,1564,"0,9981365532862256"
2023-06-27 10:13:00,181411709,2,"0,9985826830748099"
2023-06-27 10:14:00,172273376,570,"0,9987339768933164"
2023-06-27 10:15:00,161112067,837,"0,9986503241766499"
2023-06-27 10:16:00,150094403,786,"0,9979084127678597"
2023-06-27 10:17:00,137086782,1090,"0,9968216239214048"
2023-06-27 10:18:00,130821992,278,"0,9973789481300572"
2023-06-27 10:19:00,131984827,7,"0,9977723485995592"
2023-06-27 10:20:00,141809641,1,"0,9978459850215845"
2023-06-27 10:21:00,157067812,1567,"0,9979604398572691"
2023-06-27 10:22:00,165894652,524,"0,9980266219875324"
2023-06-27 10:23:00,165912028,0,"0,9975872141389721"
2023-06-27 10:24:00,157797436,504,"0,9991765266139708"
2023-06-27 10:25:00,143663870,1424,"1,0004994625484402"
2023-06-27 10:26:00,133664230,648,"0,999819056788732"
2023-06-27 10:27:00,128735528,156,"0,9993972430744451"
2023-06-27 10:28:00,124217262,137,"0,9993633186717169"
2023-06-27 10:29:00,119523944,123,"0,9976801288589918"
2023-06-27 10:30:00,112045976,384,"0,9979525646867244"
2023-06-27 10:31:00,101445620,777,"0,998533094100406"
2023-06-27 10:32:00,87237739,1394,"0,9994165877650713"
2023-06-27 10:33:00,73074005,1356,"0,9995849976178104"
2023-06-27 10:34:00,60425792,1076,"0,9995451298537928"
2023-06-27 10:35:00,52462394,426,"0,9994854151497523"
2023-06-27 10:36:00,52537184,0,"0,9994859731002467"
2023-06-27 10:37:00,58035343,203,"0,9995272001566988"
2023-06-27 10:38:00,65765452,401,"0,9995851544853469"
2023-06-27 10:39:00,75896179,689,"0,9996610927046323"
2023-06-27 10:40:00,87777464,438,"0,9992575086449204"
2023-06-27 10:41:00,104836841,1962,"0,9992181140191584"
2023-06-27 10:42:00,126812050,3236,"0,999492770804086"
2023-06-27 10:43:00,146715449,2608,"1,0003016775616436"
2023-06-27 10:44:00,158101057,841,"1,0009364060548729"
2023-06-27 10:45:00,156157210,25,"1,0009217148809693"
2023-06-27 10:46:00,148604239,381,"1,0008652368290962"
2023-06-27 10:47:00,145393067,69,"1,0008412191663043"
2023-06-27 10:48:00,148465526,65,"1,0006443457266772"
2023-06-27 10:49:00,149665236,17,"0,99922517033308"
2023-06-27 10:50:00,144222284,198,"0,9991833752084625"
2023-06-27 10:51:00,132292270,958,"0,9991490171928138"
2023-06-27 10:52:00,120590742,892,"0,9983468540379795"
2023-06-27 10:53:00,112683857,426,"0,9985072449668663"
2023-06-27 10:54:00,106111945,299,"0,998897915115661"
2023-06-27 10:55:00,100989474,181,"0,9991893640670304"
2023-06-27 10:56:00,87994548,1135,"0,9990918949341011"
2023-06-27 10:57:00,71115917,1939,"0,9996255498323047"
2023-06-27 10:58:00,58816562,1029,"1,0001933496863658"
2023-06-27 10:59:00,52139633,299,"1,0001430958105082"
2023-06-27 11:00:00,50749851,5,"1,0001326793053222"
2023-06-27 11:01:00,51794379,7,"1,0001405066266429"
2023-06-27 11:02:00,52950035,9,"0,999599266362481"
2023-06-27 11:03:00,56504107,85,"0,9995157245779552"
2023-06-27 11:04:00,64465084,423,"0,9997954441769232"
2023-06-27 11:05:00,73199731,510,"0,9999708565469363"
2023-06-27 11:06:00,80986881,429,"0,998710206784008"
2023-06-27 11:07:00,88017833,336,"0,9985420629879288"
2023-06-27 11:08:00,97039769,527,"0,9994900024366669"
2023-06-27 11:09:00,108854924,937,"0,9995781485591965"
2023-06-27 11:10:00,123904766,1552,"0,9990313020483091"
2023-06-27 11:11:00,137073410,1165,"0,9991297624600963"
2023-06-27 11:12:00,143416814,287,"0,9985179101483687"
2023-06-27 11:13:00,146306245,56,"0,9985393504966573"
2023-06-27 11:14:00,152712807,284,"0,9982577152726547"
2023-06-27 11:15:00,159477189,327,"0,9976490231502568"
2023-06-27 11:16:00,166107513,296,"0,9976985377879332"
2023-06-27 11:17:00,177023510,785,"0,9981101714873488"
2023-06-27 11:18:00,198150926,2931,"0,9989280681539728"
2023-06-27 11:19:00,221023178,3511,"0,9990990781616665"
2023-06-27 11:20:00,238539712,76014,"0,9992308594520067"
2023-06-27 11:21:00,247345382,461,"0,9997355298604249"
2023-06-27 11:22:00,250249456,42,"1,000526390296764"
2023-06-27 11:23:00,255478275,178,"1,0006749821225025"
2023-06-27 11:24:00,272916082,2005,"1,0010249064104215"
2023-06-27 11:25:00,304072915,6453,"1,0013672621715983"
2023-06-27 11:26:00,328485053,3974,"1,00154928617885"
2023-06-27 11:27:00,327974317,1,"1,0015454518067597"
2023-06-27 11:28:00,324431588,83,"1,0015190389109905"
2023-06-27 11:29:00,325738160,11,"1,0015287800348371"
2023-06-27 11:30:00,323365190,37,"1,0015110874965747"
2023-06-27 11:31:00,315822476,351,"1,0010157374773996"
2023-06-27 11:32:00,303320664,1009,"1,0005930132706164"
2023-06-27 11:33:00,289231536,1230,"0,9996095194901048"
2023-06-27 11:34:00,274232183,1506,"0,9994970165728024"
2023-06-27 11:35:00,256647342,2182,"1,0002447123729834"
2023-06-27 11:36:00,237872032,2454,"1,0008733244544084"
2023-06-27 11:37:00,222362953,1639,"1,001086816530819"
2023-06-27 11:38:00,212022694,695,"1,0006799383699971"
2023-06-27 11:39:00,204504041,369,"1,000403927187435"
2023-06-27 11:40:00,195993070,97043,"0,9997917492471248"
2023-06-27 11:41:00,191743991,137,"0,9995392296335472"
2023-06-27 11:42:00,193394688,14,"0,999991258179508"
2023-06-27 11:43:00,200172227,296,"1,0003715695737236"
2023-06-27 11:44:00,209485741,541,"1,001210629203728"
2023-06-27 11:45:00,217423556,416,"1,0013794786264478"
2023-06-27 11:46:00,221942712,136,"1,0014132170523358"
2023-06-27 11:47:00,221515653,1,"1,0014100272624589"
2023-06-27 11:48:00,215602191,235,"1,0014208573648633"
2023-06-27 11:49:00,204717493,828,"1,0019441126964004"
2023-06-27 11:50:00,192893730,933,"1,0018556570574413"
2023-06-27 11:51:00,183921987,552,"1,0021184708678903"
2023-06-27 11:52:00,179332960,162,"1,0030738301646147"
2023-06-27 11:53:00,182608776,69,"1,0032076604736202"
2023-06-27 11:54:00,193840841,827,"1,003511182912163"
2023-06-27 11:55:00,207103057,1092,"1,0047095810567572"
2023-06-27 11:56:00,219163862,972,"1,0046889026286832"
2023-06-27 11:57:00,226948361,417,"1,0044172284898547"
2023-06-27 11:58:00,230334144,76,"1,0044423759800432"
2023-06-27 11:59:00,228449205,30,"1,0049778345441949"
2023-06-27 12:00:00,219593157,89,"1,0050393161282682"
2023-06-27 12:01:00,203731903,1676,"1,005013482018781"
2023-06-27 12:02:00,189447066,1418,"1,0057867803584375"
2023-06-27 12:03:00,182120421,355,"1,0057318878339745"
2023-06-27 12:04:00,178179355,102,"1,0057025668648822"
2023-06-27 12:05:00,174499707,89,"1,005675190134446"
2023-06-27 12:06:00,168974462,202,"1,0056340790503016"
2023-06-27 12:07:00,161088813,412,"1,0055753973352852"
2023-06-27 12:08:00,147943988,1137,"1,0053126496795322"
2023-06-27 12:09:00,130368472,2004,"1,0044673284471723"
2023-06-27 12:10:00,113636067,1855,"1,0042324029793763"
2023-06-27 12:11:00,99852051,1264,"1,00412959051969"
2023-06-27 12:12:00,89211967,761,"1,0043802575263256"
2023-06-27 12:13:00,80168337,550,"1,0046428122203432"
2023-06-27 12:14:00,72742422,354,"1,0037077568048205"
2023-06-27 12:15:00,66353321,272,"1,0036595533482389"
2023-06-27 12:16:00,63673636,50,"1,0042449048137667"
2023-06-27 12:17:00,65102421,14,"1,0040353343969135"
2023-06-27 12:18:00,69797360,148,"1,0039053436719394"
2023-06-27 12:19:00,75777033,233,"1,0043900477637178"
2023-06-27 12:20:00,79686207,4851,"1,005311360985054"
2023-06-27 12:21:00,79364917,-1,"1,0058467649765497"
2023-06-27 12:22:00,76239325,69,"1,0065935305632707"
2023-06-27 12:23:00,72769534,79,"1,0065674081329483"
2023-06-27 12:24:00,70899660,21,"1,006113575707074"
2023-06-27 12:25:00,71925804,7,"1,0059012022220697"
2023-06-27 12:26:00,74395177,33,"1,0073505523003836"
2023-06-27 12:27:00,74901232,0,"1,009004548535288"
2023-06-27 12:28:00,74450732,1,"1,009219815805083"
2023-06-27 12:29:00,72726369,17,"1,0087121811982345"
2023-06-27 12:30:00,70381179,37,"1,0088596720405762"
2023-06-27 12:31:00,67452847,55,"1,0087279392169717"
2023-06-27 12:32:00,64497303,56,"1,0084859265099193"
2023-06-27 12:33:00,62295439,32,"1,008469540953134"
2023-06-27 12:34:00,59297092,59,"1,0084472601679093"
2023-06-27 12:35:00,56757176,42,"1,0084283846399231"
2023-06-27 12:36:00,55763313,6,"1,008090978288646"
2023-06-27 12:37:00,55464893,0,"1,0074288918818717"
2023-06-27 12:38:00,55920571,0,"1,0082574680444605"
2023-06-27 12:39:00,56696436,3,"1,0084279464454886"
2023-06-27 12:40:00,57586766,4,"1,008434549671032"
2023-06-27 12:41:00,59455322,23,"1,0084484357787813"
2023-06-27 12:42:00,62067161,44,"1,0085228957470596"
2023-06-27 12:43:00,64393127,34,"1,0088152189251227"
2023-06-27 12:44:00,64947698,2,"1,0088193005647852"
2023-06-27 12:45:00,63269696,18,"1,0088068362299694"
2023-06-27 12:46:00,59790160,79,"1,008780988744041"
2023-06-27 12:47:00,55580330,116,"1,0087497135988652"
2023-06-27 12:48:00,51716535,93,"1,0077313603584883"
2023-06-27 12:49:00,49822458,23,"1,0077167864062762"
2023-06-27 12:50:00,50334662,1,"1,008821328595692"
2023-06-27 12:51:00,49859030,1,"1,0094775868777086"
2023-06-27 12:52:00,48898999,5,"1,009030138591287"
2023-06-27 12:53:00,46581977,36,"1,0093429818137631"
2023-06-27 12:54:00,43469040,63,"1,0091548912373696"
2023-06-27 12:55:00,39971189,80,"1,0089638532464047"
2023-06-27 12:56:00,37353145,45,"1,0089443884242932"
2023-06-27 12:57:00,34852184,41,"1,0089258062193327"
2023-06-27 12:58:00,33485262,12,"1,0092458317422357"
2023-06-27 12:59:00,34283250,2,"1,0110687963904204"
2023-06-27 13:00:00,37761806,34,"1,010927897252428"
2023-06-27 13:01:00,43054044,185,"1,0106370853365283"
2023-06-27 13:02:00,50304964,340,"1,0112410241736547"
2023-06-27 13:03:00,56753403,272,"1,011398655073211"
2023-06-27 13:04:00,60150395,72,"1,0120841626199115"
2023-06-27 13:05:00,59547368,2,"1,012079481360514"
2023-06-27 13:06:00,55703253,95,"1,011776030994976"
2023-06-27 13:07:00,51273622,128,"1,0116881283923171"
2023-06-27 13:08:00,48752013,39,"1,0108446713821595"
2023-06-27 13:09:00,47610259,7,"1,0100109700703228"
2023-06-27 13:10:00,49404187,19,"1,0106843408699149"
2023-06-27 13:11:00,55649099,253,"1,0110604448457157"
2023-06-27 13:12:00,65890614,670,"1,012237028489693"
2023-06-27 13:13:00,77099143,825,"1,0122094344588708"
2023-06-27 13:14:00,83815115,317,"1,0108301532972972"
2023-06-27 13:15:00,84062683,0,"1,0106110741791412"
2023-06-27 13:16:00,84015862,0,"1,0107757195550997"
2023-06-27 13:17:00,87096057,66,"1,0101938778452533"
2023-06-27 13:18:00,93557207,278,"1,0099667005896913"
2023-06-27 13:19:00,99295380,215,"1,0100641358554878"
2023-06-27 13:20:00,103217913,14109,"1,0105347567194742"
2023-06-27 13:21:00,104927926,9,"1,0110957957927642"
2023-06-27 13:22:00,106125331,9,"1,0111045163709276"
2023-06-27 13:23:00,108737465,44,"1,0111238647556873"
2023-06-27 13:24:00,112509723,89,"1,01148179615934"
2023-06-27 13:25:00,118837099,262,"1,0115285872735336"
2023-06-27 13:26:00,126238305,355,"1,0117483399433778"
2023-06-27 13:27:00,134980079,495,"1,0119779710923418"
2023-06-27 13:28:00,142820724,402,"1,0120359577012537"
2023-06-27 13:29:00,151076999,428,"1,0126467167603397"
2023-06-27 13:30:00,157717915,285,"1,0128056785764703"
2023-06-27 13:31:00,163215655,197,"1,0128462969034648"
2023-06-27 13:32:00,171239126,420,"1,012905578662722"
2023-06-27 13:33:00,182130824,808,"1,0123267104032416"
2023-06-27 13:34:00,194514386,1023,"1,012088442443186"
2023-06-27 13:35:00,209586476,1512,"1,0118701280047475"
2023-06-27 13:36:00,226715343,2006,"1,0111180248860014"
2023-06-27 13:37:00,245186512,2247,"1,0111443909121407"
2023-06-27 13:38:00,264516797,2340,"1,0121114213276554"
2023-06-27 13:39:00,285803966,2768,"1,013532050458881"
2023-06-27 13:40:00,312586527,44,"1,0139483115488823"
2023-06-27 13:41:00,332873030,2677,"1,0140977379534306"
2023-06-27 13:42:00,341429562,476,"1,0141607234588523"
2023-06-27 13:43:00,331448757,647,"1,014087236797464"
2023-06-27 13:44:00,310539197,2844,"1,0139332476998364"
2023-06-27 13:45:00,283305307,4828,"1,0137325787759988"
2023-06-27 13:46:00,250688854,6931,"1,0134921008607034"
2023-06-27 13:47:00,211864075,9831,"1,0132056436341257"
2023-06-27 13:48:00,178054790,7463,"1,0129559743134455"
2023-06-27 13:49:00,149516091,5322,"1,012745091151505"
2023-06-27 13:50:00,126320560,3518,"1,0125735995545444"
2023-06-27 13:51:00,105639038,2760,"1,0117609376791794"
2023-06-27 13:52:00,90736136,1456,"1,0116503782538877"
2023-06-27 13:53:00,78805508,941,"1,011892093949584"
2023-06-27 13:54:00,69733329,539,"1,0118248593661088"
2023-06-27 13:55:00,61491347,445,"1,0117638173592187"
2023-06-27 13:56:00,57386945,111,"1,0118434034041133"
2023-06-27 13:57:00,56695868,3,"1,012388469635715"
2023-06-27 13:58:00,57226209,1,"1,0123922459226675"
2023-06-27 13:59:00,57743731,1,"1,0123960769148486"
2023-06-27 14:00:00,60015445,4291,"1,0130745594360455"
2023-06-27 14:01:00,62641709,35,"1,0142480750877874"
2023-06-27 14:02:00,64731605,24,"1,01541858702523"
2023-06-27 14:03:00,65726461,6,"1,0152053399050394"
2023-06-27 14:04:00,66205205,1,"1,0147689171351255"
2023-06-27 14:05:00,66646424,1,"1,0149371180429805"
2023-06-27 14:06:00,67677365,5,"1,0157700509767054"
2023-06-27 14:07:00,69867000,31,"1,015785868140867"
2023-06-27 14:08:00,73997763,114,"1,0153764308574027"
2023-06-27 14:09:00,79938308,232,"1,015200261750005"
2023-06-27 14:10:00,88322908,457,"1,015262112112994"
2023-06-27 14:11:00,100179970,896,"1,016009628982503"
2023-06-27 14:12:00,115526786,1488,"1,0171125838975847"
2023-06-27 14:13:00,133269211,2040,"1,0172427136397166"
2023-06-27 14:14:00,151542081,2178,"1,017157383354361"
2023-06-27 14:15:00,166546846,1465,"1,0171578649197843"
2023-06-27 14:16:00,170292278,108,"1,016196598642138"
2023-06-27 14:17:00,172094843,39,"1,0142327756873857"
2023-06-27 14:18:00,171238326,4,"1,0142245241110428"
2023-06-27 14:19:00,165663782,202,"1,0141833930493298"
2023-06-27 14:20:00,150426544,16583,"1,0140775751426907"
2023-06-27 14:21:00,127726142,3382,"1,014233317352326"
2023-06-27 14:22:00,104844821,3436,"1,0143942011241998"
2023-06-27 14:23:00,82780417,3153,"1,0137914388364635"
2023-06-27 14:24:00,64645416,2141,"1,0134372437623933"
2023-06-27 14:25:00,56059934,481,"1,0133737199499042"
2023-06-27 14:26:00,54999745,8,"1,014026126578397"
2023-06-27 14:27:00,56386190,11,"1,014366286223077"
2023-06-27 14:28:00,58157538,21,"1,013939361786997"
2023-06-27 14:29:00,61824934,89,"1,0137464349756755"
2023-06-27 14:30:00,67871439,242,"1,0134611142889125"
2023-06-27 14:31:00,74750208,320,"1,0126324196314858"
2023-06-27 14:32:00,82868927,447,"1,011757549398969"
2023-06-27 14:33:00,95324388,993,"1,0126745045665206"
2023-06-27 14:34:00,116528991,2941,"1,012830994036289"
2023-06-27 14:35:00,152168336,8302,"1,01309443746641"
2023-06-27 14:36:00,192178431,10554,"1,0128405853860485"
2023-06-27 14:37:00,222143143,5825,"1,0132813901847386"
2023-06-27 14:38:00,239299799,1814,"1,0143972063754016"
2023-06-27 14:39:00,247547477,442,"1,0144574964003656"
2023-06-27 14:40:00,255228222,6350,"1,0145148535640751"
2023-06-27 14:41:00,132010330,98938,"1,0136057404004668"
2023-06-27 14:42:00,96260274,8347,"1,0133409759907763"
2023-06-27 14:43:00,296045460,1,"1,0156934154180666"
2023-06-27 14:44:00,297618329,11,"1,0161442533070857"
2023-06-27 14:45:00,289182737,461,"1,0160821359792047"
2023-06-27 14:46:00,278622270,752,"1,0163890555866324"
2023-06-27 14:47:00,273532053,165,"1,0162965880930632"
2023-06-27 14:48:00,272860029,2,"1,0162916438540026"
2023-06-27 14:49:00,265890744,299,"1,0159108728491244"
2023-06-27 14:50:00,245358437,2735,"1,015759750316268"
2023-06-27 14:51:00,216316271,5476,"1,015545956917428"
2023-06-27 14:52:00,192431839,3693,"1,0152601401765493"
2023-06-27 14:53:00,179396055,1092,"1,0149442982058186"
2023-06-27 14:54:00,173122882,265,"1,0152277482776222"
2023-06-27 14:55:00,167432744,218,"1,015515613575964"
2023-06-27 14:56:00,159682726,390,"1,0154584449538386"
2023-06-27 14:57:00,144917332,1392,"1,0149099274831428"
2023-06-27 14:58:00,123810612,2893,"1,0146442049085445"
2023-06-27 14:59:00,103893368,2603,"1,0148271969609666"
2023-06-27 15:00:00,90328363,6829,"1,0146189036459456"
2023-06-27 15:01:00,82069249,444,"1,0145559398939743"
2023-06-27 15:02:00,77424275,153,"1,0158974696283465"
2023-06-27 15:03:00,74059469,38,"1,0094573547230008"
2023-06-27 15:04:00,66155569,384,"1,007509971467512"
2023-06-27 15:05:00,56785166,580,"1,0074385011112983"
2023-06-27 15:06:00,48349783,470,"1,00737574413541"
2023-06-27 15:07:00,43131201,180,"1,0073369123259364"
2023-06-27 15:08:00,39544984,85,"1,0074752954963464"
2023-06-27 15:09:00,37413805,30,"1,0076244971441957"
2023-06-27 15:10:00,36059466,12,"1,0080546266206287"
2023-06-27 15:11:00,34795357,2,"0,999390465784975"
2023-06-27 15:12:00,32799888,19,"0,995056192352998"
2023-06-27 15:13:00,30164121,45,"0,9943670309914816"
2023-06-27 15:14:00,27020126,66,"0,9940130140584951"
2023-06-27 15:15:00,24284158,49,"0,9932223137909357"
2023-06-27 15:16:00,22264894,27,"0,992656747609593"
2023-06-27 15:17:00,21076451,9,"0,9928677869058067"
2023-06-27 15:18:00,20508680,2,"0,9933036840489439"
2023-06-27 15:19:00,20168248,0,"0,99330101673114"
2023-06-27 15:20:00,20616642,200,"0,9933044204387274"
2023-06-27 15:21:00,21202425,2,"0,9929787215184017"
2023-06-27 15:22:00,22294767,8,"0,9927669160259927"
2023-06-27 15:23:00,22952853,2,"0,9926617971879648"
2023-06-27 15:24:00,22643001,0,"0,9926594507322472"
2023-06-27 15:25:00,22566555,0,"0,9926038691990585"
2023-06-27 15:26:00,22171125,0,"0,992105892492348"
2023-06-27 15:27:00,21910283,0,"0,9916636694459368"
2023-06-27 15:28:00,21345156,2,"0,9924849728619368"
2023-06-27 15:29:00,21006260,0,"0,992977428017069"
2023-06-27 15:30:00,21032160,0,"0,9937480658324922"
2023-06-27 15:31:00,21985269,6,"0,9939750061902248"
2023-06-27 15:32:00,23385653,13,"0,9940406115891632"
2023-06-27 15:33:00,24978438,16,"0,9943277445408057"
2023-06-27 15:34:00,25775801,4,"0,9943337186076193"
2023-06-27 15:35:00,26751872,6,"0,9943410781978093"
2023-06-27 15:36:00,27747733,6,"0,9941285375734792"
2023-06-27 15:37:00,29237578,15,"0,9935347225250883"
2023-06-27 15:38:00,30616123,13,"0,9933798875198877"
2023-06-27 15:39:00,31685583,7,"0,9933879446564211"
2023-06-27 15:40:00,32085121,20,"0,9933909832952201"
2023-06-27 15:41:00,32834140,4,"0,9928465723743475"
2023-06-27 15:42:00,33453500,2,"0,992521085269648"
2023-06-27 15:43:00,35225402,21,"0,992589474918804"
2023-06-27 15:44:00,38135070,55,"0,9934369567985265"
2023-06-27 15:45:00,43783812,217,"0,993479235331872"
2023-06-27 15:46:00,52769234,545,"0,9938770961574596"
2023-06-27 15:47:00,65078714,1034,"0,9937498683457677"
2023-06-27 15:48:00,79167607,1352,"0,9937461087626797"
2023-06-27 15:49:00,91466656,1027,"0,9938388111704822"
2023-06-27 15:50:00,97524102,249,"0,9938844582603683"
2023-06-27 15:51:00,97399599,0,"0,9944335346725681"
2023-06-27 15:52:00,93294661,119,"0,9948425496057096"
2023-06-27 15:53:00,88168092,182,"0,9951338358278012"
2023-06-27 15:54:00,83827346,127,"0,9951011037696444"
2023-06-27 15:55:00,79685568,117,"0,995234881260045"
2023-06-27 15:56:00,74667850,168,"0,9949771822308915"
2023-06-27 15:57:00,68761332,233,"0,9946577246383962"
2023-06-27 15:58:00,64847412,103,"0,9946282001534842"
2023-06-27 15:59:00,62764544,29,"0,994612507336136"
2023-06-27 16:00:00,61892661,34,"0,994770921141924"
2023-06-27 16:01:00,61993822,0,"0,9960375249757243"
2023-06-27 16:02:00,62419443,1,"0,9962599623590477"
2023-06-27 16:03:00,62520286,0,"0,9962606967277648"
2023-06-27 16:04:00,62887015,0,"0,9962634551591989"
2023-06-27 16:05:00,64423942,15,"0,99627501535426"
2023-06-27 16:06:00,65684450,10,"0,9963944777252995"
2023-06-27 16:07:00,66099477,0,"0,9969477404525512"
2023-06-27 16:08:00,64284232,21,"0,9968239738812192"
2023-06-27 16:09:00,62987366,10,"0,9962643619169251"
2023-06-27 16:10:00,64111974,8,"0,99643764789134"
2023-06-27 16:11:00,68309819,115,"0,9969643253356419"
2023-06-27 16:12:00,72047201,91,"0,9973223161575614"
2023-06-27 16:13:00,74661069,46,"0,9973418980822739"
2023-06-27 16:14:00,74793593,0,"0,9973428933424875"
2023-06-27 16:15:00,74779690,0,"0,997342788898264"
2023-06-27 16:16:00,75251034,2,"0,9966866225403521"
2023-06-27 16:17:00,75579945,1,"0,9955895720356384"
2023-06-27 16:18:00,76163967,3,"0,9947137764921533"
2023-06-27 16:19:00,77437978,8,"0,9957134050870576"
2023-06-27 16:20:00,78089542,22668,"0,9957199423995395"
2023-06-27 16:21:00,77593107,1,"0,995714079513064"
2023-06-27 16:22:00,76902687,3,"0,9957088845468328"
2023-06-27 16:23:00,77312427,1,"0,9957119675768632"
2023-06-27 16:24:00,78397034,9,"0,9951703365715096"
2023-06-27 16:25:00,78102299,0,"0,9950580065165421"
2023-06-27 16:26:00,76280754,22,"0,9950442854972019"
2023-06-27 16:27:00,74660349,16,"0,9947021755905402"
2023-06-27 16:28:00,75273855,2,"0,9947067417819755"
2023-06-27 16:29:00,78779468,83,"0,9947331461819565"
2023-06-27 16:30:00,83159766,122,"0,9955362797788316"
2023-06-27 16:31:00,85653138,40,"0,9957748046778826"
2023-06-27 16:32:00,86730296,7,"0,9957828835724895"
2023-06-27 16:33:00,88382400,18,"0,9957953119719057"
2023-06-27 16:34:00,92901151,138,"0,9958293039044621"
2023-06-27 16:35:00,98576184,231,"0,9949925541531117"
2023-06-27 16:36:00,102516108,106,"0,994911882309507"
2023-06-27 16:37:00,101392851,8,"0,9949034197529869"
2023-06-27 16:38:00,97247885,116,"0,9948722158650787"
2023-06-27 16:39:00,91016026,259,"0,9946053522846136"
2023-06-27 16:40:00,82325462,17441,"0,993770077372844"
2023-06-27 16:41:00,74322093,435,"0,9933796550809325"
2023-06-27 16:42:00,66920066,378,"0,9937638809801832"
2023-06-27 16:43:00,60663054,268,"0,9939365841577767"
2023-06-27 16:44:00,56685992,108,"0,9940166805686601"
2023-06-27 16:45:00,54408178,36,"0,9942194943810314"
2023-06-27 16:46:00,52451626,26,"0,9942047211650273"
2023-06-27 16:47:00,51085817,12,"0,9943044782847849"
2023-06-27 16:48:00,48597701,45,"0,9953864615151052"
2023-06-27 16:49:00,45851600,51,"0,9955851826094115"
2023-06-27 16:50:00,42667403,70,"0,9961114300603635"
2023-06-27 16:51:00,39239849,80,"0,9963606361814648"
2023-06-27 16:52:00,36705523,44,"0,996561614043267"
2023-06-27 16:53:00,35098034,18,"0,996934694886612"
2023-06-27 16:54:00,34347030,4,"0,9973691366209207"
2023-06-27 16:55:00,33749751,2,"0,996924519434992"
2023-06-27 16:56:00,32768239,6,"0,9966970003042782"
2023-06-27 16:57:00,30987146,21,"0,9966835793399555"
2023-06-27 16:58:00,29307859,19,"0,9966709478710224"
2023-06-27 16:59:00,27191497,30,"0,9966550282089187"
2023-06-27 17:00:00,25415087,9576,"0,9966444153259267"
2023-06-27 17:01:00,24509449,5,"0,9966348520724057"
2023-06-27 17:02:00,23683327,5,"0,9981703930224701"
2023-06-27 17:03:00,22555726,5,"0,9927834367247049"
2023-06-27 17:04:00,21067955,16,"0,9939687828940755"
2023-06-27 17:05:00,19755192,13,"0,996988857966256"
2023-06-27 17:06:00,19001476,5,"1,0018874267091689"
2023-06-27 17:07:00,18657755,0,"1,0018728476966976"
2023-06-27 17:08:00,18627582,0,"1,0017075535176807"
2023-06-27 17:09:00,18659035,0,"1,0008828254819573"
2023-06-27 17:10:00,18012913,2,"1,0008776449667474"
2023-06-27 17:11:00,17191192,4,"1,000871488923832"
2023-06-27 17:12:00,15958874,10,"1,0008622566442755"
2023-06-27 17:13:00,14736178,10,"1,0008530961772208"
2023-06-27 17:14:00,13620035,8,"1,0008447337998272"
2023-06-27 17:15:00,12718537,5,"1,00083797942521"
2023-06-27 17:16:00,11385333,11,"1,0008279903908068"
2023-06-27 17:17:00,10510306,5,"1,0008214340171633"
2023-06-27 17:18:00,9849207,2,"1,0008164804957271"
2023-06-27 17:19:00,9540320,0,"1,000814166023768"
2023-06-27 17:20:00,9237799,2,"1,0008118995352355"
2023-06-27 17:21:00,9070028,0,"1,00125082972964"
2023-06-27 17:22:00,9001454,0,"1,0014704082802663"
2023-06-27 17:23:00,9339913,0,"1,0013629020527994"
2023-06-27 17:24:00,10306220,6,"1,000820056043978"
2023-06-27 17:25:00,11244929,5,"1,0008269383491837"
2023-06-27 17:26:00,12365859,8,"1,000835337023655"
2023-06-27 17:27:00,13391978,7,"1,0008430251136116"
2023-06-27 17:28:00,13830574,1,"1,0013966755814252"
2023-06-27 17:29:00,13930203,0,"1,0022780454690754"
2023-06-27 17:30:00,13806690,0,"1,0034879107842374"
2023-06-27 17:31:00,13609680,0,"1,0034857080064257"
2023-06-27 17:32:00,13362809,0,"1,002988839333815"
2023-06-27 17:33:00,12902579,1,"1,003150259655896"
2023-06-27 17:34:00,12422388,1,"1,0031466565903826"
2023-06-27 17:35:00,12071457,0,"1,0031440332903687"
2023-06-27 17:36:00,11841277,0,"1,0031973839653516"
2023-06-27 17:37:00,11487550,0,"1,0034698876007482"
2023-06-27 17:38:00,11553036,0,"1,003470339235355"
2023-06-27 17:39:00,11294356,0,"1,003468406142688"
2023-06-27 17:40:00,11177662,2,"1,0031373523666565"
2023-06-27 17:41:00,11043470,0,"1,0028062205064852"
2023-06-27 17:42:00,11177557,0,"1,0026422105259978"
2023-06-27 17:43:00,11652086,1,"1,001490897675226"
2023-06-27 17:44:00,12753215,8,"1,0012234057008973"
2023-06-27 17:45:00,14685196,24,"1,002283853067221"
2023-06-27 17:46:00,17213833,42,"1,0027425044258715"
2023-06-27 17:47:00,20022940,53,"1,0018834516526658"
2023-06-27 17:48:00,21186058,9,"1,0019467175256564"
2023-06-27 17:49:00,21333714,0,"1,002222949923911"
2023-06-27 17:50:00,20068635,10,"1,0022134477584923"
2023-06-27 17:51:00,18707393,12,"1,002533481650784"
2023-06-27 17:52:00,17605207,8,"1,0025251836895568"
2023-06-27 17:53:00,16279867,11,"1,0025152709115477"
2023-06-27 17:54:00,15520857,3,"1,002509593769324"
2023-06-27 17:55:00,14047074,14,"1,002553640705852"
2023-06-27 17:56:00,12440154,17,"1,0028167673428436"
2023-06-27 17:57:00,10725233,20,"1,0037948257367102"
2023-06-27 17:58:00,9045999,18,"1,0041119139365893"
2023-06-27 17:59:00,7775440,10,"1,003607326023937"
2023-06-27 18:00:00,6662751,2916,"1,003457933899228"
2023-06-27 18:01:00,6763477,0,"1,003434545822535"
2023-06-27 18:02:00,7041100,0,"1,0052540835645996"
2023-06-27 18:03:00,7621439,2,"1,006743486751561"
2023-06-27 18:04:00,7718116,0,"1,0067431114251062"
2023-06-27 18:05:00,7688767,0,"1,005753045577488"
2023-06-27 18:06:00,7470554,0,"1,0054207942836202"
2023-06-27 18:07:00,6708822,3,"1,005690217251182"
2023-06-27 18:08:00,6026752,3,"1,0057401671932429"
2023-06-27 18:09:00,4962221,7,"1,0057322278555634"
2023-06-27 18:10:00,4114862,4,"1,0058910226121571"
2023-06-27 18:11:00,3653463,1,"1,0067132904130276"
2023-06-27 18:12:00,3324061,0,"1,0063803504979894"
2023-06-27 18:13:00,2773435,1,"1,0060460441260075"
2023-06-27 18:14:00,3004050,0,"1,0060477090715996"
2023-06-27 18:15:00,2873167,0,"1,0053866638894149"
2023-06-27 18:16:00,3619333,3,"1,005392013230467"
2023-06-27 18:17:00,5136289,15,"1,0055133607356768"
2023-06-27 18:18:00,5009851,0,"1,0061730234095403"
2023-06-27 18:19:00,5786875,4,"1,0060684594437015"
2023-06-27 18:20:00,5986891,88,"1,0060838870752558"
2023-06-27 18:21:00,7015129,7,"1,0061326815959295"
2023-06-27 18:22:00,6239924,4,"1,006346976871893"
2023-06-27 18:23:00,6012295,0,"1,0060701713018174"
2023-06-27 18:24:00,5371893,2,"1,005955340238439"
2023-06-27 18:25:00,3563146,21,"1,0057218193030768"
2023-06-27 18:26:00,2447072,8,"1,005713472507899"
2023-06-27 18:27:00,2491902,0,"1,0057687627251912"
2023-06-27 18:28:00,1442493,7,"1,0060361057597909"
2023-06-27 18:29:00,1778203,0,"1,0060385707445734"
2023-06-27 18:30:00,1497983,0,"1,006036481749204"
2023-06-27 18:31:00,896491,2,"1,006857855252144"
2023-06-27 18:32:00,1837934,5,"1,0078555125611872"
2023-06-27 18:33:00,1483973,0,"1,0086781253661683"
2023-06-27 18:34:00,1080234,1,"1,0080145880549265"
2023-06-27 18:35:00,727432,0,"1,007406706188796"
2023-06-27 18:36:00,713664,0,"1,007021213220288"
2023-06-27 18:37:00,753758,0,"1,0072416404613636"
2023-06-27 18:38:00,1153673,1,"1,0083457261673845"
2023-06-27 18:39:00,799086,0,"1,008232464133791"
2023-06-27 18:40:00,583868,348,"1,0083523078009131"
2023-06-27 18:41:00,1301843,3,"1,0084562609719503"
2023-06-27 18:42:00,832688,1,"1,009003303124788"
2023-06-27 18:43:00,942647,0,"1,0091689682255875"
2023-06-27 18:44:00,754459,0,"1,0093326736394987"
2023-06-27 18:45:00,991613,0,"1,0093344223257432"
2023-06-27 18:46:00,866066,0,"1,0093334894411596"
2023-06-27 18:47:00,816836,0,"1,0093331236330036"
2023-06-27 18:48:00,-43,4,"1,00938212992496"
2023-06-27 18:49:00,536701,1,"1,009661288002611"
2023-06-27 18:50:00,-89,1,"1,0098222622356092"
2023-06-27 18:51:00,-3,0,"1,009987367745924"
2023-06-27 18:52:00,-3,0,"1,010207557805466"
2023-06-27 18:53:00,-3,0,"1,0103175699723776"
2023-06-27 18:54:00,-3,0,"1,0104276001479386"
2023-06-27 18:55:00,-3,0,"1,0106476784676863"
2023-06-27 18:56:00,-3,0,"1,0113632826200336"
2023-06-27 18:57:00,-3,0,"1,011638201847984"
2023-06-27 18:58:00,-3,0,"1,0116381644924446"
2023-06-27 18:59:00,-3,0,"1,0116381644924437"
2023-06-27 19:00:00,-33273,227,"1,0118196166348037"
2023-06-27 19:01:00,-36,0,"1,010813260331319"
2023-06-27 19:02:00,-3,0,"1,0081199621719457"
2023-06-27 19:03:00,-3,0,"1,0076762222476212"
2023-06-27 19:04:00,-3,0,"1,0074560882467074"
2023-06-27 19:05:00,-3,0,"1,0067959803423268"
2023-06-27 19:06:00,-3,0,"1,0066857398036144"
2023-06-27 19:07:00,-3,0,"1,0066857337674824"
2023-06-27 19:08:00,-3,0,"1,0066857337674824"
2023-06-27 19:09:00,-3,0,"1,0052010056889606"
2023-06-27 19:10:00,-3,0,"1,0047048363094"
2023-06-27 19:11:00,-3,0,"1,0048147499795974"
2023-06-27 19:12:00,-3,0,"1,005420151798846"
2023-06-27 19:13:00,-3,0,"1,0056952614089785"
2023-06-27 19:14:00,-3,0,"1,0059703964459166"
2023-06-27 19:15:00,-3,0,"1,00784308846382"
2023-06-27 19:16:00,-3,0,"1,0081165207422638"
2023-06-27 19:17:00,-3,0,"1,0066867491021805"
2023-06-27 19:18:00,-3,0,"1,0063555785260927"
2023-06-27 19:19:00,-3,0,"1,0063555240354372"
2023-06-27 19:20:00,-36390,862,"1,0066909007981657"
2023-06-27 19:21:00,8,0,"1,0070158767271242"
2023-06-27 19:22:00,-3,0,"1,0080068213628357"
2023-06-27 19:23:00,-3,0,"1,008887198207722"
2023-06-27 19:24:00,-3,0,"1,0089969694443697"
2023-06-27 19:25:00,-3,0,"1,0089969634732292"
2023-06-27 19:26:00,-3,0,"1,0089969634732292"
2023-06-27 19:27:00,-3,0,"1,0089969634732292"
2023-06-27 19:28:00,-3,0,"1,0092170478191087"
2023-06-27 19:29:00,-3,0,"1,0093270599914057"
2023-06-27 19:30:00,-3,0,"1,0093270539959862"
2023-06-27 19:31:00,-3,0,"1,0093270539959862"
2023-06-27 19:32:00,-3,0,"1,0093270539959862"
2023-06-27 19:33:00,-3,0,"1,0093270539959862"
2023-06-27 19:34:00,-3,0,"1,0093270539959862"
2023-06-27 19:35:00,-3,0,"1,0093270539959862"
2023-06-27 19:36:00,-3,0,"1,0093270539959862"
2023-06-27 19:37:00,-3,0,"1,0097673899123814"
2023-06-27 19:38:00,-3,0,"1,0110336126317436"
2023-06-27 19:39:00,-3,0,"1,0116383452396254"
2023-06-27 19:40:00,-2716,4,"1,0116439165824302"
2023-06-27 19:41:00,-3,0,"1,0116381645087973"
2023-06-27 19:42:00,-3,0,"1,0119133369469275"
2023-06-27 19:43:00,-3,0,"1,0121335030365184"
2023-06-27 19:44:00,-3,0,"1,0122985974190446"
2023-06-27 19:45:00,-3,0,"1,0122985839565368"
2023-06-27 19:46:00,-3,0,"1,0122985839565368"
2023-06-27 19:47:00,-3,0,"1,0125186682241487"
2023-06-27 19:48:00,-3,0,"1,0135097580842545"
2023-06-27 19:49:00,-3,0,"1,0142798963115496"
2023-06-27 19:50:00,-3,0,"1,014609867318803"
2023-06-27 19:51:00,-3,0,"1,0146098136622856"
2023-06-27 19:52:00,-3,0,"1,0143347159266396"
2023-06-27 19:53:00,-3,0,"1,0152154212338873"
2023-06-27 19:54:00,-3,0,"1,0152701153903163"
2023-06-27 19:55:00,-3,0,"1,0142800871085251"
2023-06-27 19:56:00,-3,0,"1,014719939168182"
2023-06-27 19:57:00,-3,0,"1,014939928026402"
2023-06-27 19:58:00,-3,0,"1,014939904185041"
2023-06-27 19:59:00,-3,0,"1,015159988390405"
2023-06-27 20:00:00,-3,0,"1,0097690238472832"
2023-06-27 20:01:00,-3,0,"1,006361293662296"
2023-06-27 20:02:00,-3,0,"1,0067958577273486"
2023-06-27 20:03:00,-3,0,"1,004981486647858"
2023-06-27 20:04:00,-3,0,"0,9992732130424576"
2023-06-27 20:05:00,-3,0,"0,995467249469474"
2023-06-27 20:06:00,-3,0,"0,9933710756676448"
2023-06-27 20:07:00,-3,0,"0,997117823399155"
2023-06-27 20:08:00,-3,0,"0,9961207730300728"
2023-06-27 20:09:00,-3,0,"0,9954601929627908"
2023-06-27 20:10:00,-3,0,"0,9951848172391584"
2023-06-27 20:11:00,-3,0,"0,99512982517679"
2023-06-27 20:12:00,-3,0,"0,9951298236573266"
2023-06-27 20:13:00,-3,0,"0,9951298236573264"
2023-06-27 20:14:00,-3,0,"0,995129823657326"
2023-06-27 20:15:00,-3,0,"0,9951298236573266"
2023-06-27 20:16:00,-3,0,"0,9951298236573264"
2023-06-27 20:17:00,-3,0,"0,995129823657326"
2023-06-27 20:18:00,-3,0,"0,9956251422553944"
2023-06-27 20:19:00,-3,0,"0,9967812447390337"
2023-06-27 20:20:00,-3,0,"0,9968261246293565"
2023-06-27 20:21:00,-3,0,"0,9970007095332758"
2023-06-27 20:22:00,-3,0,"0,997110790102804"
2023-06-27 20:23:00,-3,0,"0,9971107840263821"
2023-06-27 20:24:00,-3,0,"0,9971107840263822"
2023-06-27 20:25:00,-3,0,"0,9971107840263816"
2023-06-27 20:26:00,-3,0,"0,9971107840263821"
2023-06-27 20:27:00,-3,0,"0,9971107840263822"
2023-06-27 20:28:00,-3,0,"0,9971107840263816"
2023-06-27 20:29:00,-3,0,"0,9971107840263818"
2023-06-27 20:30:00,-3,0,"0,9973309282761263"
2023-06-27 20:31:00,-3,0,"0,9976060769640438"
2023-06-27 20:32:00,-3,0,"0,9967809753946216"
2023-06-27 20:33:00,-3,0,"0,9967806338990387"
2023-06-27 20:34:00,-3,0,"0,9967806338989802"
2023-06-27 20:35:00,-3,0,"0,9967806338989802"
2023-06-27 20:36:00,-3,0,"0,9967806338989802"
2023-06-27 20:37:00,-3,0,"0,9963404912112512"
2023-06-27 20:38:00,-3,0,"0,9964504302317552"
2023-06-27 20:39:00,-3,0,"0,9974414264502344"
2023-06-27 20:40:00,-3,0,"0,9987349221857944"
2023-06-27 20:41:00,-3,0,"0,9987616542304248"
2023-06-27 20:42:00,-3,0,"0,9987616538726803"
2023-06-27 20:43:00,-3,0,"0,998816670475013"
2023-06-27 20:44:00,-3,0,"0,9990368131677214"
2023-06-27 20:45:00,-3,0,"0,9987616917655529"
2023-06-27 20:46:00,-3,0,"0,9989267723791475"
2023-06-27 20:47:00,-3,0,"0,9990918176324307"
2023-06-27 20:48:00,-3,0,"0,999091804000083"
2023-06-27 20:49:00,-3,0,"0,9990918040000824"
2023-06-27 20:50:00,-3,0,"0,9990918040000268"
2023-06-27 20:51:00,-3,0,"0,9988717082953522"
2023-06-27 20:52:00,-3,0,"0,9990918878662816"
2023-06-27 20:53:00,-3,0,"0,9997523820398566"
2023-06-27 20:54:00,-3,0,"1,0000824280522749"
2023-06-27 20:55:00,-3,0,"1,0000823735915787"
2023-06-27 20:56:00,-3,0,"1,0002474920862867"
2023-06-27 20:57:00,-3,0,"1,0012934902764905"
2023-06-27 20:58:00,-3,0,"1,0017331611119389"
2023-06-27 20:59:00,-3,0,"1,0017330646239462"
2023-06-27 21:00:00,-3,0,"1,0018762073787346"
2023-06-27 21:01:00,-3,0,"1,0017331940419447"
2023-06-27 21:02:00,-3,0,"1,0017331838332313"
2023-06-27 21:03:00,-3,0,"1,0017331838332313"
2023-06-27 21:04:00,-3,0,"1,0022836050504158"
2023-06-27 21:05:00,-3,0,"1,0023934901109823"
2023-06-27 21:06:00,-3,0,"1,0018982918683124"
2023-06-27 21:07:00,-3,0,"1,0014030965386078"
2023-06-27 21:08:00,-3,0,"1,001402974101192"
2023-06-27 21:09:00,-3,0,"1,0017332382760828"
2023-06-27 21:10:00,-3,0,"1,0023937016731743"
2023-06-27 21:11:00,-3,0,"1,0023934840880582"
2023-06-27 21:12:00,-3,0,"1,0023384109092532"
2023-06-27 21:13:00,-3,0,"1,0017333665558574"
2023-06-27 21:14:00,-3,0,"1,0010729821892004"
2023-06-27 21:15:00,-3,0,"1,0010727643691617"
2023-06-27 21:16:00,-3,0,"1,0010727643691382"
2023-06-27 21:17:00,-3,0,"1,001072764369138"
2023-06-27 21:18:00,-3,0,"1,0012929681404756"
2023-06-27 21:19:00,-3,0,"1,0014029801440274"
2023-06-27 21:20:00,-3,0,"1,0014689005872102"
2023-06-27 21:21:00,-3,0,"1,0020084641461595"
2023-06-27 21:22:00,-3,0,"1,0020632758550567"
2023-06-27 21:23:00,-3,0,"1,0020632743559883"
2023-06-27 21:24:00,-3,0,"1,0022834781033916"
2023-06-27 21:25:00,-3,0,"1,0034397349403537"
2023-06-27 21:26:00,-3,0,"1,0037142413443922"
2023-06-27 21:27:00,-3,0,"1,0026141479617428"
2023-06-27 21:28:00,-3,0,"1,0017335708703567"
2023-06-27 21:29:00,-3,0,"1,001733183833306"
2023-06-27 21:30:00,-3,0,"1,0017331838332313"
2023-06-27 21:31:00,-3,0,"1,0020083566576652"
2023-06-27 21:32:00,-3,0,"1,0020632758609425"
2023-06-27 21:33:00,-3,0,"1,0020632743559883"
2023-06-27 21:34:00,-3,0,"1,0020632743559883"
2023-06-27 21:35:00,-3,0,"1,0020632743559883"
2023-06-27 21:36:00,-3,0,"1,0021734297934826"
2023-06-27 21:37:00,-3,0,"1,0027238448869975"
2023-06-27 21:38:00,-3,0,"1,0036044407554947"
2023-06-27 21:39:00,-3,0,"1,004044390717847"
2023-06-27 21:40:00,-3,0,"1,0040661491790457"
2023-06-27 21:41:00,-3,0,"1,0040442945675387"
2023-06-27 21:42:00,-3,0,"1,0040442943296888"
2023-06-27 21:43:00,-3,0,"1,0042094127706194"
2023-06-27 21:44:00,-3,0,"1,004484571923257"
2023-06-27 21:45:00,-3,0,"1,004704737916822"
2023-06-27 21:46:00,-3,0,"1,004704713793782"
2023-06-27 21:47:00,-3,0,"1,004704713793782"
2023-06-27 21:48:00,-3,0,"1,0047047137937817"
2023-06-27 21:49:00,-3,0,"1,0047047137937817"
2023-06-27 21:50:00,-3,0,"1,0047047137937817"
2023-06-27 21:51:00,-3,0,"1,0047047137937817"
2023-06-27 21:52:00,-3,0,"1,0047047137937817"
2023-06-27 21:53:00,-3,0,"1,0047047137937817"
2023-06-27 21:54:00,-3,0,"1,0047047137937817"
2023-06-27 21:55:00,-3,0,"1,0050899528370878"
2023-06-27 21:56:00,-3,0,"1,0056954060294516"
2023-06-27 21:57:00,-3,0,"1,0063006313457947"
2023-06-27 21:58:00,-3,0,"1,0073465770343453"
